Workbook

Sheet Sheet1
A2: twtarn=1 | B2: tanlen=2 | C2: CARLIN all | D2: CARLIN div | E2: TW all | F2: TW div | G2: Both Alg all | H2: Both alg div | I2: CARLIN triplet | J2: TW triplet | K2: both triplet | L2: twtarn=1 | M2: tanlen=3 | N2: CARLIN all | O2: CARLIN div | P2: TW all | Q2: TW div | R2: Both Alg all | S2: Both alg div | T2: CARLIN triplet | U2: TW triplet | V2: both triplet | W2: twtarn=1 | X2: tanlen=4 | Y2: CARLIN all | Z2: CARLIN div | AA2: TW all | AB2: TW div | AC2: Both Alg all | AD2: Both alg div | AE2: CARLIN triplet | AF2: TW triplet | AG2: both triplet | AH2: twtarn=1 | AI2: tanlen=5 | AJ2: CARLIN all | AK2: CARLIN div | AL2: TW all | AM2: TW div | AN2: Both Alg all | AO2: Both alg div | AP2: CARLIN triplet | AQ2: TW triplet | AR2: both triplet
C3: 30 | D3: 30 | E3: 10 | F3: 10 | G3: 53.333333 | H3: 53.333333 | I3: 89.21371 | J3: 40.262097 | K3: 54.193548 | N3: 40 | O3: 40 | P3: 10 | Q3: 10 | R3: 63.333333 | S3: 63.333333 | T3: 56.169355 | U3: 36.350806 | V3: 54.193548 | Y3: 43.333333 | Z3: 43.333333 | AA3: 40 | AB3: 40 | AC3: 50 | AD3: 50 | AE3: 51.350806 | AF3: 83.205645 | AG3: 57.157258 | AJ3: 40 | AK3: 40 | AL3: 10 | AM3: 10 | AN3: 46.666667 | AO3: 46.666667 | AP3: 44.314516 | AQ3: 56.814516 | AR3: 51.854839
C4: 56.666667 | D4: 56.666667 | E4: 26.666667 | F4: 26.666667 | G4: 80 | H4: 80 | I4: 53.306452 | J4: 87.03629 | K4: 98.629032 | N4: 60 | O4: 60 | P4: 23.333333 | Q4: 23.333333 | R4: 80 | S4: 80 | T4: 94.254032 | U4: 46.673387 | V4: 58.548387 | Y4: 60 | Z4: 60 | AA4: 23.333333 | AB4: 23.333333 | AC4: 60 | AD4: 60 | AE4: 88.145161 | AF4: 85.383065 | AG4: 88.145161 | AJ4: 20 | AK4: 20 | AL4: 6.6666667 | AM4: 6.6666667 | AN4: 36.666667 | AO4: 36.666667 | AP4: 86.008065 | AQ4: 31.915323 | AR4: 85.987903
C5: 43.333333 | D5: 43.333333 | E5: 3.3333333 | F5: 3.3333333 | G5: 50 | H5: 50 | I5: 93.790323 | J5: 30.544355 | K5: 93.145161 | N5: 60 | O5: 60 | P5: 6.6666667 | Q5: 6.6666667 | R5: 53.333333 | S5: 53.333333 | T5: 95.645161 | U5: 32.177419 | V5: 95.604839 | Y5: 60 | Z5: 60 | AA5: 6.6666667 | AB5: 6.6666667 | AC5: 63.333333 | AD5: 63.333333 | AE5: 48.709677 | AF5: 36.592742 | AG5: 48.629032 | AJ5: 53.333333 | AK5: 53.333333 | AL5: 10 | AM5: 10 | AN5: 46.666667 | AO5: 46.666667 | AP5: 53.951613 | AQ5: 44.778226 | AR5: 49.435484
C6: 50 | D6: 50 | E6: 33.333333 | F6: 33.333333 | G6: 63.333333 | H6: 63.333333 | I6: 37.822581 | J6: 47.741935 | K6: 51.370968 | N6: 70 | O6: 70 | P6: 13.333333 | Q6: 13.333333 | R6: 73.333333 | S6: 73.333333 | T6: 93.951613 | U6: 40.705645 | V6: 94.596774 | Y6: 76.666667 | Z6: 76.666667 | AA6: 20 | AB6: 20 | AC6: 86.666667 | AD6: 86.666667 | AE6: 98.689516 | AF6: 35.504032 | AG6: 99.274194 | AJ6: 56.666667 | AK6: 56.666667 | AL6: 26.666667 | AM6: 26.666667 | AN6: 66.666667 | AO6: 66.666667 | AP6: 95.100806 | AQ6: 86.653226 | AR6: 96.108871
C7: 36.666667 | D7: 36.666667 | E7: 3.3333333 | F7: 3.3333333 | G7: 36.666667 | H7: 36.666667 | I7: 51.794355 | J7: 39.758065 | K7: 45 | N7: 40 | O7: 40 | P7: 23.333333 | Q7: 23.333333 | R7: 46.666667 | S7: 46.666667 | T7: 70.282258 | U7: 58.729839 | V7: 70.362903 | Y7: 46.666667 | Z7: 46.666667 | AA7: 20 | AB7: 20 | AC7: 43.333333 | AD7: 43.333333 | AE7: 41.108871 | AF7: 76.229839 | AG7: 67.177419 | AJ7: 53.333333 | AK7: 53.333333 | AL7: 30 | AM7: 30 | AN7: 53.333333 | AO7: 53.333333 | AP7: 45.564516 | AQ7: 87.600806 | AR7: 88.689516
C8: 43.333333 | D8: 43.333333 | E8: 6.6666667 | F8: 6.6666667 | G8: 43.333333 | H8: 43.333333 | I8: 91.733871 | J8: 43.245968 | K8: 91.733871 | N8: 43.333333 | O8: 43.333333 | P8: 6.6666667 | Q8: 6.6666667 | R8: 56.666667 | S8: 56.666667 | T8: 41.048387 | U8: 40.120968 | V8: 54.596774 | Y8: 40 | Z8: 40 | AA8: 30 | AB8: 30 | AC8: 50 | AD8: 50 | AE8: 92.298387 | AF8: 86.310484 | AG8: 92.923387 | AJ8: 46.666667 | AK8: 46.666667 | AL8: 6.6666667 | AM8: 6.6666667 | AN8: 50 | AO8: 50 | AP8: 55.725806 | AQ8: 36.814516 | AR8: 55.020161
C9: 26.666667 | D9: 26.666667 | E9: 16.666667 | F9: 16.666667 | G9: 40 | H9: 40 | I9: 50.645161 | J9: 86.209677 | K9: 88.024194 | N9: 46.666667 | O9: 46.666667 | P9: 10 | Q9: 10 | R9: 60 | S9: 60 | T9: 42.33871 | U9: 39.395161 | V9: 48.145161 | Y9: 40 | Z9: 40 | AA9: 10 | AB9: 10 | AC9: 46.666667 | AD9: 46.666667 | AE9: 36.068548 | AF9: 46.774194 | AG9: 54.959677 | AJ9: 53.333333 | AK9: 53.333333 | AL9: 6.6666667 | AM9: 6.6666667 | AN9: 73.333333 | AO9: 73.333333 | AP9: 93.366935 | AQ9: 74.092742 | AR9: 98.064516
C10: 30 | D10: 30 | E10: 30 | F10: 30 | G10: 50 | H10: 50 | I10: 42.923387 | J10: 49.979839 | K10: 47.419355 | N10: 40 | O10: 40 | P10: 10 | Q10: 10 | R10: 46.666667 | S10: 46.666667 | T10: 53.850806 | U10: 45.927419 | V10: 42.177419 | Y10: 53.333333 | Z10: 53.333333 | AA10: 3.3333333 | AB10: 3.3333333 | AC10: 36.666667 | AD10: 36.666667 | AE10: 56.310484 | AF10: 35.927419 | AG10: 40.967742 | AJ10: 33.333333 | AK10: 33.333333 | AL10: 20 | AM10: 20 | AN10: 46.666667 | AO10: 46.666667 | AP10: 40.342742 | AQ10: 33.810484 | AR10: 40.564516
C11: 56.666667 | D11: 56.666667 | E11: 0 | F11: 0 | G11: 56.666667 | H11: 56.666667 | I11: 56.532258 | J11: 37.439516 | K11: 56.532258 | N11: 60 | O11: 60 | P11: 3.3333333 | Q11: 3.3333333 | R11: 56.666667 | S11: 56.666667 | T11: 42.5 | U11: 35.362903 | V11: 43.306452 | Y11: 40 | Z11: 40 | AA11: 36.666667 | AB11: 36.666667 | AC11: 66.666667 | AD11: 66.666667 | AE11: 48.145161 | AF11: 90.685484 | AG11: 93.306452 | AJ11: 53.333333 | AK11: 53.333333 | AL11: 16.666667 | AM11: 16.666667 | AN11: 50 | AO11: 50 | AP11: 54.274194 | AQ11: 66.653226 | AR11: 57.237903
C12: 33.333333 | D12: 33.333333 | E12: 26.666667 | F12: 26.666667 | G12: 43.333333 | H12: 43.333333 | I12: 77.943548 | J12: 50.262097 | K12: 83.427419 | N12: 60 | O12: 60 | P12: 43.333333 | Q12: 43.333333 | R12: 53.333333 | S12: 53.333333 | T12: 46.129032 | U12: 79.495968 | V12: 39.334677 | Y12: 53.333333 | Z12: 53.333333 | AA12: 16.666667 | AB12: 16.666667 | AC12: 70 | AD12: 70 | AE12: 46.774194 | AF12: 43.487903 | AG12: 48.225806 | AJ12: 36.666667 | AK12: 36.666667 | AL12: 10 | AM12: 10 | AN12: 36.666667 | AO12: 36.666667 | AP12: 43.528226 | AQ12: 38.770161 | AR12: 43.850806
B13: avg | C13: =AVERAGE(C3:C12) -> 40.666667 | D13: =AVERAGE(D3:D12) -> 40.666667 | E13: =AVERAGE(E3:E12) -> 15.666667 | F13: =AVERAGE(F3:F12) -> 15.666667 | G13: =AVERAGE(G3:G12) -> 51.666667 | H13: =AVERAGE(H3:H12) -> 51.666667 | I13: =AVERAGE(I3:I12) -> 64.570565 | J13: =AVERAGE(J3:J12) -> 51.247984 | K13: =AVERAGE(K3:K12) -> 70.947581 | M13: avg | N13: =AVERAGE(N3:N12) -> 52 | O13: =AVERAGE(O3:O12) -> 52 | P13: =AVERAGE(P3:P12) -> 15 | Q13: =AVERAGE(Q3:Q12) -> 15 | R13: =AVERAGE(R3:R12) -> 59 | S13: =AVERAGE(S3:S12) -> 59 | T13: =AVERAGE(T3:T12) -> 63.616935 | U13: =AVERAGE(U3:U12) -> 45.493952 | V13: =AVERAGE(V3:V12) -> 60.086694 | X13: avg | Y13: =AVERAGE(Y3:Y12) -> 51.333333 | Z13: =AVERAGE(Z3:Z12) -> 51.333333 | AA13: =AVERAGE(AA3:AA12) -> 20.666667 | AB13: =AVERAGE(AB3:AB12) -> 20.666667 | AC13: =AVERAGE(AC3:AC12) -> 57.333333 | AD13: =AVERAGE(AD3:AD12) -> 57.333333 | AE13: =AVERAGE(AE3:AE12) -> 60.760081 | AF13: =AVERAGE(AF3:AF12) -> 62.010081 | AG13: =AVERAGE(AG3:AG12) -> 69.076613 | AI13: avg | AJ13: =AVERAGE(AJ3:AJ12) -> 44.666667 | AK13: =AVERAGE(AK3:AK12) -> 44.666667 | AL13: =AVERAGE(AL3:AL12) -> 14.333333 | AM13: =AVERAGE(AM3:AM12) -> 14.333333 | AN13: =AVERAGE(AN3:AN12) -> 50.666667 | AO13: =AVERAGE(AO3:AO12) -> 50.666667 | AP13: =AVERAGE(AP3:AP12) -> 61.217742 | AQ13: =AVERAGE(AQ3:AQ12) -> 55.790323 | AR13: =AVERAGE(AR3:AR12) -> 66.681452
B14: stdev | C14: =_xlfn.STDEV.S(C3:C12) -> 11.088867 | D14: =_xlfn.STDEV.S(D3:D12) -> 11.088867 | E14: =_xlfn.STDEV.S(E3:E12) -> 12.575697 | F14: =_xlfn.STDEV.S(F3:F12) -> 12.575697 | G14: =_xlfn.STDEV.S(G3:G12) -> 12.789849 | H14: =_xlfn.STDEV.S(H3:H12) -> 12.789849 | I14: =_xlfn.STDEV.S(I3:I12) -> 21.370953 | J14: =_xlfn.STDEV.S(J3:J12) -> 19.590388 | K14: =_xlfn.STDEV.S(K3:K12) -> 21.697464 | M14: stdev | N14: =_xlfn.STDEV.S(N3:N12) -> 11.133311 | O14: =_xlfn.STDEV.S(O3:O12) -> 11.133311 | P14: =_xlfn.STDEV.S(P3:P12) -> 11.992796 | Q14: =_xlfn.STDEV.S(Q3:Q12) -> 11.992796 | R14: =_xlfn.STDEV.S(R3:R12) -> 10.778351 | S14: =_xlfn.STDEV.S(S3:S12) -> 10.778351 | T14: =_xlfn.STDEV.S(T3:T12) -> 23.078985 | U14: =_xlfn.STDEV.S(U3:U12) -> 14.08491 | V14: =_xlfn.STDEV.S(V3:V12) -> 20.550438 | X14: stdev | Y14: =_xlfn.STDEV.S(Y3:Y12) -> 11.884215 | Z14: =_xlfn.STDEV.S(Z3:Z12) -> 11.884215 | AA14: =_xlfn.STDEV.S(AA3:AA12) -> 12.252488 | AB14: =_xlfn.STDEV.S(AB3:AB12) -> 12.252488 | AC14: =_xlfn.STDEV.S(AC3:AC12) -> 14.890547 | AD14: =_xlfn.STDEV.S(AD3:AD12) -> 14.890547 | AE14: =_xlfn.STDEV.S(AE3:AE12) -> 23.063627 | AF14: =_xlfn.STDEV.S(AF3:AF12) -> 24.070864 | AG14: =_xlfn.STDEV.S(AG3:AG12) -> 22.158999 | AI14: stdev | AJ14: =_xlfn.STDEV.S(AJ3:AJ12) -> 11.884215 | AK14: =_xlfn.STDEV.S(AK3:AK12) -> 11.884215 | AL14: =_xlfn.STDEV.S(AL3:AL12) -> 8.6137989 | AM14: =_xlfn.STDEV.S(AM3:AM12) -> 8.6137989 | AN14: =_xlfn.STDEV.S(AN3:AN12) -> 11.632224 | AO14: =_xlfn.STDEV.S(AO3:AO12) -> 11.632224 | AP14: =_xlfn.STDEV.S(AP3:AP12) -> 21.619926 | AQ14: =_xlfn.STDEV.S(AQ3:AQ12) -> 21.711795 | AR14: =_xlfn.STDEV.S(AR3:AR12) -> 22.73938
A18: twtarn=3 | B18: tanlen=2 | C18: CARLIN all | D18: CARLIN div | E18: TW all | F18: TW div | G18: Both Alg all | H18: Both alg div | I18: CARLIN triplet | J18: TW triplet | K18: both triplet | L18: twtarn=3 | M18: tanlen=3 | N18: CARLIN all | O18: CARLIN div | P18: TW all | Q18: TW div | R18: Both Alg all | S18: Both alg div | T18: CARLIN triplet | U18: TW triplet | V18: both triplet | W18: twtarn=3 | X18: tanlen=4 | Y18: CARLIN all | Z18: CARLIN div | AA18: TW all | AB18: TW div | AC18: Both Alg all | AD18: Both alg div | AE18: CARLIN triplet | AF18: TW triplet | AG18: both triplet | AH18: twtarn=3 | AI18: tanlen=5 | AJ18: CARLIN all | AK18: CARLIN div | AL18: TW all | AM18: TW div | AN18: Both Alg all | AO18: Both alg div | AP18: CARLIN triplet | AQ18: TW triplet | AR18: both triplet
C19: 56.666667 | D19: 56.666667 | E19: 13.333333 | F19: 13.333333 | G19: 73.333333 | H19: 73.333333 | I19: 43.951613 | J19: 77.701613 | K19: 94.032258 | N19: 56.666667 | O19: 56.666667 | P19: 53.333333 | Q19: 53.333333 | R19: 60 | S19: 60 | T19: 72.177419 | U19: 88.245968 | V19: 72.379032 | Y19: 63.333333 | Z19: 63.333333 | AA19: 26.666667 | AB19: 26.666667 | AC19: 63.333333 | AD19: 63.333333 | AE19: 94.435484 | AF19: 79.153226 | AG19: 94.435484 | AJ19: 20 | AK19: 20 | AL19: 53.333333 | AM19: 53.333333 | AN19: 30 | AO19: 30 | AP19: 41.129032 | AQ19: 51.854839 | AR19: 40.342742
C20: 40 | D20: 40 | E20: 66.666667 | F20: 66.666667 | G20: 86.666667 | H20: 86.666667 | I20: 87.540323 | J20: 94.032258 | K20: 94.193548 | N20: 60 | O20: 60 | P20: 30 | Q20: 30 | R20: 86.666667 | S20: 86.666667 | T20: 98.306452 | U20: 91.229839 | V20: 99.274194 | Y20: 56.666667 | Z20: 56.666667 | AA20: 30 | AB20: 30 | AC20: 80 | AD20: 80 | AE20: 55.866935 | AF20: 55.201613 | AG20: 53.467742 | AJ20: 33.333333 | AK20: 33.333333 | AL20: 56.666667 | AM20: 56.666667 | AN20: 80 | AO20: 80 | AP20: 86.895161 | AQ20: 55.705645 | AR20: 94.677419
C21: 46.666667 | D21: 46.666667 | E21: 33.333333 | F21: 33.333333 | G21: 66.666667 | H21: 66.666667 | I21: 86.955645 | J21: 87.822581 | K21: 94.516129 | N21: 46.666667 | O21: 46.666667 | P21: 66.666667 | Q21: 66.666667 | R21: 86.666667 | S21: 86.666667 | T21: 42.177419 | U21: 88.870968 | V21: 94.758065 | Y21: 66.666667 | Z21: 66.666667 | AA21: 50 | AB21: 50 | AC21: 76.666667 | AD21: 76.666667 | AE21: 69.435484 | AF21: 52.620968 | AG21: 94.596774 | AJ21: 50 | AK21: 50 | AL21: 30 | AM21: 30 | AN21: 66.666667 | AO21: 66.666667 | AP21: 47.33871 | AQ21: 68.75 | AR21: 57.822581
C22: 70 | D22: 70 | E22: 63.333333 | F22: 63.333333 | G22: 93.333333 | H22: 93.333333 | I22: 57.96371 | J22: 84.576613 | K22: 99.919355 | N22: 33.333333 | O22: 33.333333 | P22: 46.666667 | Q22: 46.666667 | R22: 86.666667 | S22: 86.666667 | T22: 97.33871 | U22: 49.354839 | V22: 99.274194 | Y22: 56.666667 | Z22: 56.666667 | AA22: 60 | AB22: 60 | AC22: 83.333333 | AD22: 83.333333 | AE22: 41.270161 | AF22: 55.887097 | AG22: 99.193548 | AJ22: 63.333333 | AK22: 63.333333 | AL22: 20 | AM22: 20 | AN22: 93.333333 | AO22: 93.333333 | AP22: 48.608871 | AQ22: 48.951613 | AR22: 99.919355
C23: 30 | D23: 30 | E23: 26.666667 | F23: 26.666667 | G23: 30 | H23: 30 | I23: 49.53629 | J23: 55.383065 | K23: 48.326613 | N23: 86.666667 | O23: 86.666667 | P23: 66.666667 | Q23: 66.666667 | R23: 76.666667 | S23: 76.666667 | T23: 94.193548 | U23: 93.487903 | V23: 93.467742 | Y23: 70 | Z23: 70 | AA23: 60 | AB23: 60 | AC23: 86.666667 | AD23: 86.666667 | AE23: 57.258065 | AF23: 52.741935 | AG23: 58.629032 | AJ23: 43.333333 | AK23: 43.333333 | AL23: 66.666667 | AM23: 66.666667 | AN23: 93.333333 | AO23: 93.333333 | AP23: 46.008065 | AQ23: 93.951613 | AR23: 99.919355
C24: 46.666667 | D24: 46.666667 | E24: 66.666667 | F24: 66.666667 | G24: 53.333333 | H24: 53.333333 | I24: 52.177419 | J24: 94.435484 | K24: 88.548387 | N24: 50 | O24: 50 | P24: 53.333333 | Q24: 53.333333 | R24: 66.666667 | S24: 66.666667 | T24: 98.205645 | U24: 98.427419 | V24: 98.951613 | Y24: 53.333333 | Z24: 53.333333 | AA24: 60 | AB24: 60 | AC24: 66.666667 | AD24: 66.666667 | AE24: 43.28629 | AF24: 93.467742 | AG24: 56.612903 | AJ24: 40 | AK24: 40 | AL24: 60 | AM24: 60 | AN24: 66.666667 | AO24: 66.666667 | AP24: 57.116935 | AQ24: 93.75 | AR24: 95.544355
C25: 43.333333 | D25: 43.333333 | E25: 30 | F25: 30 | G25: 70 | H25: 70 | I25: 91.71371 | J25: 49.274194 | K25: 93.447581 | N25: 56.666667 | O25: 56.666667 | P25: 76.666667 | Q25: 76.666667 | R25: 86.666667 | S25: 86.666667 | T25: 93.366935 | U25: 94.596774 | V25: 99.274194 | Y25: 40 | Z25: 40 | AA25: 33.333333 | AB25: 33.333333 | AC25: 80 | AD25: 80 | AE25: 90.887097 | AF25: 35.262097 | AG25: 94.193548 | AJ25: 23.333333 | AK25: 23.333333 | AL25: 53.333333 | AM25: 53.333333 | AN25: 63.333333 | AO25: 63.333333 | AP25: 85.725806 | AQ25: 54.778226 | AR25: 93.850806
C26: 36.666667 | D26: 36.666667 | E26: 33.333333 | F26: 33.333333 | G26: 43.333333 | H26: 43.333333 | I26: 43.689516 | J26: 92.983871 | K26: 54.133065 | N26: 53.333333 | O26: 53.333333 | P26: 50 | Q26: 50 | R26: 46.666667 | S26: 46.666667 | T26: 70.060484 | U26: 52.076613 | V26: 80.524194 | Y26: 70 | Z26: 70 | AA26: 60 | AB26: 60 | AC26: 86.666667 | AD26: 86.666667 | AE26: 98.689516 | AF26: 68.951613 | AG26: 99.274194 | AJ26: 56.666667 | AK26: 56.666667 | AL26: 40 | AM26: 40 | AN26: 66.666667 | AO26: 66.666667 | AP26: 56.653226 | AQ26: 43.58871 | AR26: 55.403226
C27: 56.666667 | D27: 56.666667 | E27: 43.333333 | F27: 43.333333 | G27: 76.666667 | H27: 76.666667 | I27: 94.012097 | J27: 53.629032 | K27: 94.596774 | N27: 43.333333 | O27: 43.333333 | P27: 56.666667 | Q27: 56.666667 | R27: 80 | S27: 80 | T27: 88.125 | U27: 93.366935 | V27: 94.112903 | Y27: 43.333333 | Z27: 43.333333 | AA27: 60 | AB27: 60 | AC27: 86.666667 | AD27: 86.666667 | AE27: 92.237903 | AF27: 92.318548 | AG27: 99.274194 | AJ27: 60 | AK27: 60 | AL27: 23.333333 | AM27: 23.333333 | AN27: 100 | AO27: 100 | AP27: 46.370968 | AQ27: 90.907258 | AR27: 100
C28: 63.333333 | D28: 63.333333 | E28: 53.333333 | F28: 53.333333 | G28: 80 | H28: 80 | I28: 94.092742 | J28: 97.096774 | K28: 94.758065 | N28: 43.333333 | O28: 43.333333 | P28: 36.666667 | Q28: 36.666667 | R28: 70 | S28: 70 | T28: 51.290323 | U28: 61.08871 | V28: 57.258065 | Y28: 56.666667 | Z28: 56.666667 | AA28: 100 | AB28: 100 | AC28: 86.666667 | AD28: 86.666667 | AE28: 46.612903 | AF28: 100 | AG28: 99.274194 | AJ28: 36.666667 | AK28: 36.666667 | AL28: 66.666667 | AM28: 66.666667 | AN28: 60 | AO28: 60 | AP28: 48.326613 | AQ28: 96.108871 | AR28: 56.673387
B29: avg | C29: =AVERAGE(C19:C28) -> 49 | D29: =AVERAGE(D19:D28) -> 49 | E29: =AVERAGE(E19:E28) -> 43 | F29: =AVERAGE(F19:F28) -> 43 | G29: =AVERAGE(G19:G28) -> 67.333333 | H29: =AVERAGE(H19:H28) -> 67.333333 | I29: =AVERAGE(I19:I28) -> 70.163306 | J29: =AVERAGE(J19:J28) -> 78.693548 | K29: =AVERAGE(K19:K28) -> 85.647177 | M29: avg | N29: =AVERAGE(N19:N28) -> 53 | O29: =AVERAGE(O19:O28) -> 53 | P29: =AVERAGE(P19:P28) -> 53.666667 | Q29: =AVERAGE(Q19:Q28) -> 53.666667 | R29: =AVERAGE(R19:R28) -> 74.666667 | S29: =AVERAGE(S19:S28) -> 74.666667 | T29: =AVERAGE(T19:T28) -> 80.524194 | U29: =AVERAGE(U19:U28) -> 81.074597 | V29: =AVERAGE(V19:V28) -> 88.927419 | X29: avg | Y29: =AVERAGE(Y19:Y28) -> 57.666667 | Z29: =AVERAGE(Z19:Z28) -> 57.666667 | AA29: =AVERAGE(AA19:AA28) -> 54 | AB29: =AVERAGE(AB19:AB28) -> 54 | AC29: =AVERAGE(AC19:AC28) -> 79.666667 | AD29: =AVERAGE(AD19:AD28) -> 79.666667 | AE29: =AVERAGE(AE19:AE28) -> 68.997984 | AF29: =AVERAGE(AF19:AF28) -> 68.560484 | AG29: =AVERAGE(AG19:AG28) -> 84.895161 | AI29: avg | AJ29: =AVERAGE(AJ19:AJ28) -> 42.666667 | AK29: =AVERAGE(AK19:AK28) -> 42.666667 | AL29: =AVERAGE(AL19:AL28) -> 47 | AM29: =AVERAGE(AM19:AM28) -> 47 | AN29: =AVERAGE(AN19:AN28) -> 72 | AO29: =AVERAGE(AO19:AO28) -> 72 | AP29: =AVERAGE(AP19:AP28) -> 56.417339 | AQ29: =AVERAGE(AQ19:AQ28) -> 69.834677 | AR29: =AVERAGE(AR19:AR28) -> 79.415323
B30: stdev | C30: =_xlfn.STDEV.S(C19:C28) -> 12.47714 | D30: =_xlfn.STDEV.S(D19:D28) -> 12.47714 | E30: =_xlfn.STDEV.S(E19:E28) -> 18.688479 | F30: =_xlfn.STDEV.S(F19:F28) -> 18.688479 | G30: =_xlfn.STDEV.S(G19:G28) -> 19.739038 | H30: =_xlfn.STDEV.S(H19:H28) -> 19.739038 | I30: =_xlfn.STDEV.S(I19:I28) -> 22.299617 | J30: =_xlfn.STDEV.S(J19:J28) -> 18.803124 | K30: =_xlfn.STDEV.S(K19:K28) -> 18.390922 | M30: stdev | N30: =_xlfn.STDEV.S(N19:N28) -> 14.268155 | O30: =_xlfn.STDEV.S(O19:O28) -> 14.268155 | P30: =_xlfn.STDEV.S(P19:P28) -> 14.09404 | Q30: =_xlfn.STDEV.S(Q19:Q28) -> 14.09404 | R30: =_xlfn.STDEV.S(R19:R28) -> 13.716711 | S30: =_xlfn.STDEV.S(S19:S28) -> 13.716711 | T30: =_xlfn.STDEV.S(T19:T28) -> 20.616558 | U30: =_xlfn.STDEV.S(U19:U28) -> 19.005742 | V30: =_xlfn.STDEV.S(V19:V28) -> 14.339391 | X30: stdev | Y30: =_xlfn.STDEV.S(Y19:Y28) -> 10.31001 | Z30: =_xlfn.STDEV.S(Z19:Z28) -> 10.31001 | AA30: =_xlfn.STDEV.S(AA19:AA28) -> 21.245188 | AB30: =_xlfn.STDEV.S(AB19:AB28) -> 21.245188 | AC30: =_xlfn.STDEV.S(AC19:AC28) -> 8.5273706 | AD30: =_xlfn.STDEV.S(AD19:AD28) -> 8.5273706 | AE30: =_xlfn.STDEV.S(AE19:AE28) -> 23.068346 | AF30: =_xlfn.STDEV.S(AF19:AF28) -> 21.699388 | AG30: =_xlfn.STDEV.S(AG19:AG28) -> 19.927064 | AI30: stdev | AJ30: =_xlfn.STDEV.S(AJ19:AJ28) -> 14.890547 | AK30: =_xlfn.STDEV.S(AK19:AK28) -> 14.890547 | AL30: =_xlfn.STDEV.S(AL19:AL28) -> 17.458947 | AM30: =_xlfn.STDEV.S(AM19:AM28) -> 17.458947 | AN30: =_xlfn.STDEV.S(AN19:AN28) -> 20.620019 | AO30: =_xlfn.STDEV.S(AO19:AO28) -> 20.620019 | AP30: =_xlfn.STDEV.S(AP19:AP28) -> 16.466456 | AQ30: =_xlfn.STDEV.S(AQ19:AQ28) -> 21.508879 | AR30: =_xlfn.STDEV.S(AR19:AR28) -> 23.694138
A33: twtarn=5 | C33: 56.666667 | D33: 56.666667 | E33: 83.333333 | F33: 83.333333 | G33: 93.333333 | H33: 93.333333 | I33: 66.129032 | J33: 99.334677 | K33: 99.919355 | N33: 56.666667 | O33: 56.666667 | P33: 100 | Q33: 100 | R33: 80 | S33: 80 | T33: 57.96371 | U33: 100 | V33: 89.677419 | Y33: 30 | Z33: 30 | AA33: 80 | AB33: 80 | AC33: 43.333333 | AD33: 43.333333 | AE33: 68.326613 | AF33: 94.677419 | AG33: 90.846774 | AJ33: 36.666667 | AK33: 36.666667 | AL33: 83.333333 | AM33: 83.333333 | AN33: 80 | AO33: 80 | AP33: 51.995968 | AQ33: 57.419355 | AR33: 94.112903
C34: 53.333333 | D34: 53.333333 | E34: 73.333333 | F34: 73.333333 | G34: 93.333333 | H34: 93.333333 | I34: 48.568548 | J34: 98.548387 | K34: 99.354839 | N34: 56.666667 | O34: 56.666667 | P34: 100 | Q34: 100 | R34: 86.666667 | S34: 86.666667 | T34: 56.532258 | U34: 100 | V34: 58.064516 | Y34: 66.666667 | Z34: 66.666667 | AA34: 73.333333 | AB34: 73.333333 | AC34: 63.333333 | AD34: 63.333333 | AE34: 42.580645 | AF34: 89.516129 | AG34: 41.854839 | AJ34: 43.333333 | AK34: 43.333333 | AL34: 86.666667 | AM34: 86.666667 | AN34: 86.666667 | AO34: 86.666667 | AP34: 55.241935 | AQ34: 94.758065 | AR34: 99.274194
C35: 43.333333 | D35: 43.333333 | E35: 80 | F35: 80 | G35: 73.333333 | H35: 73.333333 | I35: 51.572581 | J35: 99.193548 | K35: 94.112903 | N35: 33.333333 | O35: 33.333333 | P35: 73.333333 | Q35: 73.333333 | R35: 86.666667 | S35: 86.666667 | T35: 50.685484 | U35: 52.903226 | V35: 94.193548 | Y35: 36.666667 | Z35: 36.666667 | AA35: 63.333333 | AB35: 63.333333 | AC35: 86.666667 | AD35: 86.666667 | AE35: 67.96371 | AF35: 98.044355 | AG35: 99.354839 | AJ35: 56.666667 | AK35: 56.666667 | AL35: 33.333333 | AM35: 33.333333 | AN35: 100 | AO35: 100 | AP35: 52.802419 | AQ35: 51.875 | AR35: 100
C36: 63.333333 | D36: 63.333333 | E36: 76.666667 | F36: 76.666667 | G36: 63.333333 | H36: 63.333333 | I36: 41.612903 | J36: 98.689516 | K36: 42.419355 | N36: 26.666667 | O36: 26.666667 | P36: 63.333333 | Q36: 63.333333 | R36: 66.666667 | S36: 66.666667 | T36: 38.951613 | U36: 98.387097 | V36: 92.862903 | Y36: 33.333333 | Z36: 33.333333 | AA36: 86.666667 | AB36: 86.666667 | AC36: 93.333333 | AD36: 93.333333 | AE36: 49.314516 | AF36: 99.274194 | AG36: 94.83871 | AJ36: 36.666667 | AK36: 36.666667 | AL36: 26.666667 | AM36: 26.666667 | AN36: 66.666667 | AO36: 66.666667 | AP36: 45.080645 | AQ36: 87.177419 | AR36: 94.032258
C37: 63.333333 | D37: 63.333333 | E37: 56.666667 | F37: 56.666667 | G37: 80 | H37: 80 | I37: 47.016129 | J37: 94.072581 | K37: 94.112903 | N37: 40 | O37: 40 | P37: 80 | Q37: 80 | R37: 70 | S37: 70 | T37: 41.592742 | U37: 94.677419 | V37: 45.645161 | Y37: 43.333333 | Z37: 43.333333 | AA37: 63.333333 | AB37: 63.333333 | AC37: 56.666667 | AD37: 56.666667 | AE37: 54.616935 | AF37: 93.850806 | AG37: 54.233871 | AJ37: 43.333333 | AK37: 43.333333 | AL37: 63.333333 | AM37: 63.333333 | AN37: 80 | AO37: 80 | AP37: 53.991935 | AQ37: 47.580645 | AR37: 58.629032
C38: 56.666667 | D38: 56.666667 | E38: 60 | F38: 60 | G38: 73.333333 | H38: 73.333333 | I38: 72.5 | J38: 42.33871 | K38: 57.983871 | N38: 60 | O38: 60 | P38: 93.333333 | Q38: 93.333333 | R38: 100 | S38: 100 | T38: 93.225806 | U38: 94.83871 | V38: 100 | Y38: 40 | Z38: 40 | AA38: 63.333333 | AB38: 63.333333 | AC38: 86.666667 | AD38: 86.666667 | AE38: 48.205645 | AF38: 92.741935 | AG38: 94.758065 | AJ38: 43.333333 | AK38: 43.333333 | AL38: 100 | AM38: 100 | AN38: 80 | AO38: 80 | AP38: 53.366935 | AQ38: 100 | AR38: 94.112903
C39: 53.333333 | D39: 53.333333 | E39: 93.333333 | F39: 93.333333 | G39: 80 | H39: 80 | I39: 68.709677 | J39: 58.709677 | K39: 52.258065 | N39: 40 | O39: 40 | P39: 80 | Q39: 80 | R39: 73.333333 | S39: 73.333333 | T39: 46.370968 | U39: 94.112903 | V39: 93.548387 | Y39: 53.333333 | Z39: 53.333333 | AA39: 60 | AB39: 60 | AC39: 63.333333 | AD39: 63.333333 | AE39: 36.693548 | AF39: 41.129032 | AG39: 40.725806 | AJ39: 46.666667 | AK39: 46.666667 | AL39: 53.333333 | AM39: 53.333333 | AN39: 80 | AO39: 80 | AP39: 51.854839 | AQ39: 93.306452 | AR39: 94.112903
C40: 40 | D40: 40 | E40: 63.333333 | F40: 63.333333 | G40: 70 | H40: 70 | I40: 35.46371 | J40: 93.447581 | K40: 46.129032 | N40: 40 | O40: 40 | P40: 76.666667 | Q40: 76.666667 | R40: 80 | S40: 80 | T40: 51.71371 | U40: 94.596774 | V40: 98.709677 | Y40: 46.666667 | Z40: 46.666667 | AA40: 56.666667 | AB40: 56.666667 | AC40: 70 | AD40: 70 | AE40: 53.004032 | AF40: 98.004032 | AG40: 57.399194 | AJ40: 43.333333 | AK40: 43.333333 | AL40: 93.333333 | AM40: 93.333333 | AN40: 80 | AO40: 80 | AP40: 44.939516 | AQ40: 99.354839 | AR40: 98.709677
C41: 70 | D41: 70 | E41: 60 | F41: 60 | G41: 83.333333 | H41: 83.333333 | I41: 89.435484 | J41: 84.173387 | K41: 94.677419 | N41: 36.666667 | O41: 36.666667 | P41: 70 | Q41: 70 | R41: 40 | S41: 40 | T41: 38.125 | U41: 89.274194 | V41: 41.512097 | Y41: 36.666667 | Z41: 36.666667 | AA41: 46.666667 | AB41: 46.666667 | AC41: 73.333333 | AD41: 73.333333 | AE41: 45.524194 | AF41: 68.870968 | AG41: 93.467742 | AJ41: 56.666667 | AK41: 56.666667 | AL41: 66.666667 | AM41: 66.666667 | AN41: 80 | AO41: 80 | AP41: 55.322581 | AQ41: 97.741935 | AR41: 98.629032
C42: 56.666667 | D42: 56.666667 | E42: 56.666667 | F42: 56.666667 | G42: 83.333333 | H42: 83.333333 | I42: 53.225806 | J42: 93.870968 | K42: 94.677419 | N42: 60 | O42: 60 | P42: 60 | Q42: 60 | R42: 80 | S42: 80 | T42: 93.366935 | U42: 97.983871 | V42: 98.629032 | Y42: 46.666667 | Z42: 46.666667 | AA42: 73.333333 | AB42: 73.333333 | AC42: 73.333333 | AD42: 73.333333 | AE42: 44.596774 | AF42: 94.274194 | AG42: 43.870968 | AJ42: 60 | AK42: 60 | AL42: 50 | AM42: 50 | AN42: 73.333333 | AO42: 73.333333 | AP42: 36.048387 | AQ42: 55.302419 | AR42: 55.322581
B43: avg | C43: =AVERAGE(C33:C42) -> 55.666667 | D43: =AVERAGE(D33:D42) -> 55.666667 | E43: =AVERAGE(E33:E42) -> 70.333333 | F43: =AVERAGE(F33:F42) -> 70.333333 | G43: =AVERAGE(G33:G42) -> 79.333333 | H43: =AVERAGE(H33:H42) -> 79.333333 | I43: =AVERAGE(I33:I42) -> 57.423387 | J43: =AVERAGE(J33:J42) -> 86.237903 | K43: =AVERAGE(K33:K42) -> 77.564516 | M43: avg | N43: =AVERAGE(N33:N42) -> 45 | O43: =AVERAGE(O33:O42) -> 45 | P43: =AVERAGE(P33:P42) -> 79.666667 | Q43: =AVERAGE(Q33:Q42) -> 79.666667 | R43: =AVERAGE(R33:R42) -> 76.333333 | S43: =AVERAGE(S33:S42) -> 76.333333 | T43: =AVERAGE(T33:T42) -> 56.852823 | U43: =AVERAGE(U33:U42) -> 91.677419 | V43: =AVERAGE(V33:V42) -> 81.284274 | X43: avg | Y43: =AVERAGE(Y33:Y42) -> 43.333333 | Z43: =AVERAGE(Z33:Z42) -> 43.333333 | AA43: =AVERAGE(AA33:AA42) -> 66.666667 | AB43: =AVERAGE(AB33:AB42) -> 66.666667 | AC43: =AVERAGE(AC33:AC42) -> 71 | AD43: =AVERAGE(AD33:AD42) -> 71 | AE43: =AVERAGE(AE33:AE42) -> 51.082661 | AF43: =AVERAGE(AF33:AF42) -> 87.038306 | AG43: =AVERAGE(AG33:AG42) -> 71.135081 | AI43: avg | AJ43: =AVERAGE(AJ33:AJ42) -> 46.666667 | AK43: =AVERAGE(AK33:AK42) -> 46.666667 | AL43: =AVERAGE(AL33:AL42) -> 65.666667 | AM43: =AVERAGE(AM33:AM42) -> 65.666667 | AN43: =AVERAGE(AN33:AN42) -> 80.666667 | AO43: =AVERAGE(AO33:AO42) -> 80.666667 | AP43: =AVERAGE(AP33:AP42) -> 50.064516 | AQ43: =AVERAGE(AQ33:AQ42) -> 78.451613 | AR43: =AVERAGE(AR33:AR42) -> 88.693548
B44: stdev | C44: =_xlfn.STDEV.S(C33:C42) -> 9.0335452 | D44: =_xlfn.STDEV.S(D33:D42) -> 9.0335452 | E44: =_xlfn.STDEV.S(E33:E42) -> 12.80914 | F44: =_xlfn.STDEV.S(F33:F42) -> 12.80914 | G44: =_xlfn.STDEV.S(G33:G42) -> 9.6609178 | H44: =_xlfn.STDEV.S(H33:H42) -> 9.6609178 | I44: =_xlfn.STDEV.S(I33:I42) -> 16.418204 | J44: =_xlfn.STDEV.S(J33:J42) -> 19.739399 | K44: =_xlfn.STDEV.S(K33:K42) -> 24.39296 | M44: stdev | N44: =_xlfn.STDEV.S(N33:N42) -> 12.196944 | O44: =_xlfn.STDEV.S(O33:O42) -> 12.196944 | P44: =_xlfn.STDEV.S(P33:P42) -> 14.181365 | Q44: =_xlfn.STDEV.S(Q33:Q42) -> 14.181365 | R44: =_xlfn.STDEV.S(R33:R42) -> 15.904809 | S44: =_xlfn.STDEV.S(S33:S42) -> 15.904809 | T44: =_xlfn.STDEV.S(T33:T42) -> 20.374226 | U44: =_xlfn.STDEV.S(U33:U42) -> 14.007868 | V44: =_xlfn.STDEV.S(V33:V42) -> 23.25573 | X44: stdev | Y44: =_xlfn.STDEV.S(Y33:Y42) -> 10.772622 | Z44: =_xlfn.STDEV.S(Z33:Z42) -> 10.772622 | AA44: =_xlfn.STDEV.S(AA33:AA42) -> 11.758895 | AB44: =_xlfn.STDEV.S(AB33:AB42) -> 11.758895 | AC44: =_xlfn.STDEV.S(AC33:AC42) -> 15.238839 | AD44: =_xlfn.STDEV.S(AD33:AD42) -> 15.238839 | AE44: =_xlfn.STDEV.S(AE33:AE42) -> 10.339805 | AF44: =_xlfn.STDEV.S(AF33:AF42) -> 18.33214 | AG44: =_xlfn.STDEV.S(AG33:AG42) -> 25.393076 | AI44: stdev | AJ44: =_xlfn.STDEV.S(AJ33:AJ42) -> 8.3147942 | AK44: =_xlfn.STDEV.S(AK33:AK42) -> 8.3147942 | AL44: =_xlfn.STDEV.S(AL33:AL42) -> 25.094882 | AM44: =_xlfn.STDEV.S(AM33:AM42) -> 25.094882 | AN44: =_xlfn.STDEV.S(AN33:AN42) -> 8.5778929 | AO44: =_xlfn.STDEV.S(AO33:AO42) -> 8.5778929 | AP44: =_xlfn.STDEV.S(AP33:AP42) -> 6.1713662 | AQ44: =_xlfn.STDEV.S(AQ33:AQ42) -> 22.295178 | AR44: =_xlfn.STDEV.S(AR33:AR42) -> 16.908017
A50: twtarn=7 | C50: 46.666667 | D50: 46.666667 | E50: 86.666667 | F50: 86.666667 | G50: 66.666667 | H50: 66.666667 | I50: 52.883065 | J50: 94.193548 | K50: 52.822581 | N50: 50 | O50: 50 | P50: 86.666667 | Q50: 86.666667 | R50: 93.333333 | S50: 93.333333 | T50: 89.274194 | U50: 99.83871 | V50: 99.354839 | Y50: 86.666667 | Z50: 86.666667 | AA50: 86.666667 | AB50: 86.666667 | AC50: 100 | AD50: 100 | AE50: 99.274194 | AF50: 99.274194 | AG50: 100 | AJ50: 43.333333 | AK50: 43.333333 | AL50: 86.666667 | AM50: 86.666667 | AN50: 60 | AO50: 60 | AP50: 45.987903 | AQ50: 98.709677 | AR50: 52.177419
C51: 40 | D51: 40 | E51: 73.333333 | F51: 73.333333 | G51: 80 | H51: 80 | I51: 86.733871 | J51: 99.112903 | K51: 99.758065 | N51: 50 | O51: 50 | P51: 93.333333 | Q51: 93.333333 | R51: 66.666667 | S51: 66.666667 | T51: 54.092742 | U51: 94.83871 | V51: 55.403226 | Y51: 46.666667 | Z51: 46.666667 | AA51: 93.333333 | AB51: 93.333333 | AC51: 86.666667 | AD51: 86.666667 | AE51: 44.919355 | AF51: 99.919355 | AG51: 58.629032 | AJ51: 50 | AK51: 50 | AL51: 66.666667 | AM51: 66.666667 | AN51: 60 | AO51: 60 | AP51: 46.370968 | AQ51: 98.548387 | AR51: 48.709677
C52: 70 | D52: 70 | E52: 86.666667 | F52: 86.666667 | G52: 86.666667 | H52: 86.666667 | I52: 56.693548 | J52: 99.274194 | K52: 99.274194 | N52: 43.333333 | O52: 43.333333 | P52: 100 | Q52: 100 | R52: 86.666667 | S52: 86.666667 | T52: 51.814516 | U52: 100 | V52: 99.274194 | Y52: 63.333333 | Z52: 63.333333 | AA52: 80 | AB52: 80 | AC52: 86.666667 | AD52: 86.666667 | AE52: 44.193548 | AF52: 99.274194 | AG52: 94.193548 | AJ52: 46.666667 | AK52: 46.666667 | AL52: 80 | AM52: 80 | AN52: 73.333333 | AO52: 73.333333 | AP52: 93.629032 | AQ52: 99.193548 | AR52: 93.951613
C53: 23.333333 | D53: 23.333333 | E53: 86.666667 | F53: 86.666667 | G53: 66.666667 | H53: 66.666667 | I53: 42.137097 | J53: 99.83871 | K53: 93.548387 | N53: 36.666667 | O53: 36.666667 | P53: 83.333333 | Q53: 83.333333 | R53: 70 | S53: 70 | T53: 53.548387 | U53: 57.419355 | V53: 57.258065 | Y53: 36.666667 | Z53: 36.666667 | AA53: 100 | AB53: 100 | AC53: 76.666667 | AD53: 76.666667 | AE53: 46.834677 | AF53: 100 | AG53: 94.173387 | AJ53: 36.666667 | AK53: 36.666667 | AL53: 43.333333 | AM53: 43.333333 | AN53: 93.333333 | AO53: 93.333333 | AP53: 51.834677 | AQ53: 36.048387 | AR53: 58.709677
C54: 40 | D54: 40 | E54: 76.666667 | F54: 76.666667 | G54: 86.666667 | H54: 86.666667 | I54: 43.991935 | J54: 99.112903 | K54: 99.83871 | N54: 43.333333 | O54: 43.333333 | P54: 93.333333 | Q54: 93.333333 | R54: 60 | S54: 60 | T54: 41.41129 | U54: 99.919355 | V54: 52.177419 | Y54: 36.666667 | Z54: 36.666667 | AA54: 93.333333 | AB54: 93.333333 | AC54: 86.666667 | AD54: 86.666667 | AE54: 54.334677 | AF54: 94.83871 | AG54: 94.758065 | AJ54: 23.333333 | AK54: 23.333333 | AL54: 63.333333 | AM54: 63.333333 | AN54: 93.333333 | AO54: 93.333333 | AP54: 37.298387 | AQ54: 68.951613 | AR54: 99.919355
C55: 43.333333 | D55: 43.333333 | E55: 86.666667 | F55: 86.666667 | G55: 93.333333 | H55: 93.333333 | I55: 57.580645 | J55: 99.83871 | K55: 58.709677 | N55: 30 | O55: 30 | P55: 100 | Q55: 100 | R55: 70 | S55: 70 | T55: 58.870968 | U55: 100 | V55: 93.58871 | Y55: 80 | Z55: 80 | AA55: 86.666667 | AB55: 86.666667 | AC55: 100 | AD55: 100 | AE55: 99.758065 | AF55: 99.274194 | AG55: 100 | AJ55: 46.666667 | AK55: 46.666667 | AL55: 70 | AM55: 70 | AN55: 93.333333 | AO55: 93.333333 | AP55: 41.290323 | AQ55: 99.173387 | AR55: 99.354839
C56: 63.333333 | D56: 63.333333 | E56: 93.333333 | F56: 93.333333 | G56: 93.333333 | H56: 93.333333 | I56: 53.951613 | J56: 99.919355 | K56: 99.354839 | N56: 36.666667 | O56: 36.666667 | P56: 93.333333 | Q56: 93.333333 | R56: 60 | S56: 60 | T56: 54.072581 | U56: 94.83871 | V56: 57.177419 | Y56: 63.333333 | Z56: 63.333333 | AA56: 93.333333 | AB56: 93.333333 | AC56: 100 | AD56: 100 | AE56: 55.322581 | AF56: 99.919355 | AG56: 100 | AJ56: 36.666667 | AK56: 36.666667 | AL56: 100 | AM56: 100 | AN56: 70 | AO56: 70 | AP56: 47.802419 | AQ56: 100 | AR56: 57.399194
C57: 63.333333 | D57: 63.333333 | E57: 80 | F57: 80 | G57: 100 | H57: 100 | I57: 93.447581 | J57: 94.112903 | K57: 100 | N57: 30 | O57: 30 | P57: 80 | Q57: 80 | R57: 36.666667 | S57: 36.666667 | T57: 46.653226 | U57: 99.274194 | V57: 53.004032 | Y57: 60 | Z57: 60 | AA57: 80 | AB57: 80 | AC57: 86.666667 | AD57: 86.666667 | AE57: 57.741935 | AF57: 99.758065 | AG57: 99.83871 | AJ57: 73.333333 | AK57: 73.333333 | AL57: 86.666667 | AM57: 86.666667 | AN57: 86.666667 | AO57: 86.666667 | AP57: 57.983871 | AQ57: 98.709677 | AR57: 58.064516
C58: 56.666667 | D58: 56.666667 | E58: 46.666667 | F58: 46.666667 | G58: 80 | H58: 80 | I58: 52.883065 | J58: 41.995968 | K58: 94.758065 | N58: 36.666667 | O58: 36.666667 | P58: 86.666667 | Q58: 86.666667 | R58: 60 | S58: 60 | T58: 41.290323 | U58: 99.83871 | V58: 50.967742 | Y58: 30 | Z58: 30 | AA58: 70 | AB58: 70 | AC58: 93.333333 | AD58: 93.333333 | AE58: 79.052419 | AF58: 93.951613 | AG58: 99.354839 | AJ58: 40 | AK58: 40 | AL58: 93.333333 | AM58: 93.333333 | AN58: 86.666667 | AO58: 86.666667 | AP58: 67.741935 | AQ58: 99.919355 | AR58: 99.354839
C59: 40 | D59: 40 | E59: 93.333333 | F59: 93.333333 | G59: 66.666667 | H59: 66.666667 | I59: 45.766129 | J59: 99.919355 | K59: 57.903226 | N59: 66.666667 | O59: 66.666667 | P59: 93.333333 | Q59: 93.333333 | R59: 93.333333 | S59: 93.333333 | T59: 98.467742 | U59: 99.919355 | V59: 99.919355 | Y59: 43.333333 | Z59: 43.333333 | AA59: 73.333333 | AB59: 73.333333 | AC59: 66.666667 | AD59: 66.666667 | AE59: 40.443548 | AF59: 94.032258 | AG59: 46.048387 | AJ59: 43.333333 | AK59: 43.333333 | AL59: 73.333333 | AM59: 73.333333 | AN59: 70 | AO59: 70 | AP59: 46.41129 | AQ59: 94.112903 | AR59: 98.608871
B60: avg | C60: =AVERAGE(C50:C59) -> 48.666667 | D60: =AVERAGE(D50:D59) -> 48.666667 | E60: =AVERAGE(E50:E59) -> 81 | F60: =AVERAGE(F50:F59) -> 81 | G60: =AVERAGE(G50:G59) -> 82 | H60: =AVERAGE(H50:H59) -> 82 | I60: =AVERAGE(I50:I59) -> 58.606855 | J60: =AVERAGE(J50:J59) -> 92.731855 | K60: =AVERAGE(K50:K59) -> 85.596774 | M60: avg | N60: =AVERAGE(N50:N59) -> 42.333333 | O60: =AVERAGE(O50:O59) -> 42.333333 | P60: =AVERAGE(P50:P59) -> 91 | Q60: =AVERAGE(Q50:Q59) -> 91 | R60: =AVERAGE(R50:R59) -> 69.666667 | S60: =AVERAGE(S50:S59) -> 69.666667 | T60: =AVERAGE(T50:T59) -> 58.949597 | U60: =AVERAGE(U50:U59) -> 94.58871 | V60: =AVERAGE(V50:V59) -> 71.8125 | X60: avg | Y60: =AVERAGE(Y50:Y59) -> 54.666667 | Z60: =AVERAGE(Z50:Z59) -> 54.666667 | AA60: =AVERAGE(AA50:AA59) -> 85.666667 | AB60: =AVERAGE(AB50:AB59) -> 85.666667 | AC60: =AVERAGE(AC50:AC59) -> 88.333333 | AD60: =AVERAGE(AD50:AD59) -> 88.333333 | AE60: =AVERAGE(AE50:AE59) -> 62.1875 | AF60: =AVERAGE(AF50:AF59) -> 98.024194 | AG60: =AVERAGE(AG50:AG59) -> 88.699597 | AI60: avg | AJ60: =AVERAGE(AJ50:AJ59) -> 44 | AK60: =AVERAGE(AK50:AK59) -> 44 | AL60: =AVERAGE(AL50:AL59) -> 76.333333 | AM60: =AVERAGE(AM50:AM59) -> 76.333333 | AN60: =AVERAGE(AN50:AN59) -> 78.666667 | AO60: =AVERAGE(AO50:AO59) -> 78.666667 | AP60: =AVERAGE(AP50:AP59) -> 53.635081 | AQ60: =AVERAGE(AQ50:AQ59) -> 89.336694 | AR60: =AVERAGE(AR50:AR59) -> 76.625
B61: stdev | C61: =_xlfn.STDEV.S(C50:C59) -> 14.332903 | D61: =_xlfn.STDEV.S(D50:D59) -> 14.332903 | E61: =_xlfn.STDEV.S(E50:E59) -> 13.703203 | F61: =_xlfn.STDEV.S(F50:F59) -> 13.703203 | G61: =_xlfn.STDEV.S(G50:G59) -> 12.191882 | H61: =_xlfn.STDEV.S(H50:H59) -> 12.191882 | I61: =_xlfn.STDEV.S(I50:I59) -> 17.469487 | J61: =_xlfn.STDEV.S(J50:J59) -> 17.971418 | K61: =_xlfn.STDEV.S(K50:K59) -> 20.27132 | M61: stdev | N61: =_xlfn.STDEV.S(N50:N59) -> 11.116665 | O61: =_xlfn.STDEV.S(O50:O59) -> 11.116665 | P61: =_xlfn.STDEV.S(P50:P59) -> 6.6759195 | Q61: =_xlfn.STDEV.S(Q50:Q59) -> 6.6759195 | R61: =_xlfn.STDEV.S(R50:R59) -> 17.599804 | S61: =_xlfn.STDEV.S(S50:S59) -> 17.599804 | T61: =_xlfn.STDEV.S(T50:T59) -> 19.377452 | U61: =_xlfn.STDEV.S(U50:U59) -> 13.22523 | V61: =_xlfn.STDEV.S(V50:V59) -> 22.720534 | X61: stdev | Y61: =_xlfn.STDEV.S(Y50:Y59) -> 19.12919 | Z61: =_xlfn.STDEV.S(Z50:Z59) -> 19.12919 | AA61: =_xlfn.STDEV.S(AA50:AA59) -> 9.6928127 | AB61: =_xlfn.STDEV.S(AB50:AB59) -> 9.6928127 | AC61: =_xlfn.STDEV.S(AC50:AC59) -> 10.801234 | AD61: =_xlfn.STDEV.S(AD50:AD59) -> 10.801234 | AE61: =_xlfn.STDEV.S(AE50:AE59) -> 22.436162 | AF61: =_xlfn.STDEV.S(AF50:AF59) -> 2.6129945 | AG61: =_xlfn.STDEV.S(AG50:AG59) -> 19.553138 | AI61: stdev | AJ61: =_xlfn.STDEV.S(AJ50:AJ59) -> 12.746338 | AK61: =_xlfn.STDEV.S(AK50:AK59) -> 12.746338 | AL61: =_xlfn.STDEV.S(AL50:AL59) -> 16.588707 | AM61: =_xlfn.STDEV.S(AM50:AM59) -> 16.588707 | AN61: =_xlfn.STDEV.S(AN50:AN59) -> 13.535504 | AO61: =_xlfn.STDEV.S(AO50:AO59) -> 13.535504 | AP61: =_xlfn.STDEV.S(AP50:AP59) -> 16.456688 | AQ61: =_xlfn.STDEV.S(AQ50:AQ59) -> 20.97137 | AR61: =_xlfn.STDEV.S(AR50:AR59) -> 23.025232
A64: twtarn=9 | C64: 46.666667 | D64: 46.666667 | E64: 60 | F64: 60 | G64: 66.666667 | H64: 66.666667 | I64: 43.447581 | J64: 56.693548 | K64: 52.983871 | N64: 66.666667 | O64: 66.666667 | P64: 100 | Q64: 100 | R64: 86.666667 | S64: 86.666667 | T64: 52.177419 | U64: 100 | V64: 53.548387 | Y64: 73.333333 | Z64: 73.333333 | AA64: 80 | AB64: 80 | AC64: 80 | AD64: 80 | AE64: 98.629032 | AF64: 99.758065 | AG64: 94.112903 | AJ64: 50 | AK64: 50 | AL64: 70 | AM64: 70 | AN64: 80 | AO64: 80 | AP64: 49.435484 | AQ64: 94.233871 | AR64: 94.112903
C65: 50 | D65: 50 | E65: 93.333333 | F65: 93.333333 | G65: 80 | H65: 80 | I65: 96.270161 | J65: 94.83871 | K65: 96.612903 | N65: 43.333333 | O65: 43.333333 | P65: 100 | Q65: 100 | R65: 73.333333 | S65: 73.333333 | T65: 93.306452 | U65: 100 | V65: 94.032258 | Y65: 80 | Z65: 80 | AA65: 86.666667 | AB65: 86.666667 | AC65: 93.333333 | AD65: 93.333333 | AE65: 57.983871 | AF65: 94.83871 | AG65: 99.919355 | AJ65: 56.666667 | AK65: 56.666667 | AL65: 100 | AM65: 100 | AN65: 86.666667 | AO65: 86.666667 | AP65: 89.274194 | AQ65: 100 | AR65: 94.758065
C66: 66.666667 | D66: 66.666667 | E66: 93.333333 | F66: 93.333333 | G66: 86.666667 | H66: 86.666667 | I66: 52.177419 | J66: 99.919355 | K66: 99.274194 | N66: 50 | O66: 50 | P66: 93.333333 | Q66: 93.333333 | R66: 80 | S66: 80 | T66: 45.302419 | U66: 99.919355 | V66: 98.709677 | Y66: 53.333333 | Z66: 53.333333 | AA66: 93.333333 | AB66: 93.333333 | AC66: 86.666667 | AD66: 86.666667 | AE66: 92.278226 | AF66: 99.354839 | AG66: 99.354839 | AJ66: 46.666667 | AK66: 46.666667 | AL66: 86.666667 | AM66: 86.666667 | AN66: 83.333333 | AO66: 83.333333 | AP66: 65.725806 | AQ66: 99.274194 | AR66: 99.334677
C67: 46.666667 | D67: 46.666667 | E67: 86.666667 | F67: 86.666667 | G67: 100 | H67: 100 | I67: 97.177419 | J67: 94.83871 | K67: 100 | N67: 23.333333 | O67: 23.333333 | P67: 93.333333 | Q67: 93.333333 | R67: 73.333333 | S67: 73.333333 | T67: 49.516129 | U67: 99.919355 | V67: 91.451613 | Y67: 23.333333 | Z67: 23.333333 | AA67: 86.666667 | AB67: 86.666667 | AC67: 50 | AD67: 50 | AE67: 40.020161 | AF67: 99.274194 | AG67: 52.419355 | AJ67: 23.333333 | AK67: 23.333333 | AL67: 86.666667 | AM67: 86.666667 | AN67: 53.333333 | AO67: 53.333333 | AP67: 37.278226 | AQ67: 98.709677 | AR67: 88.387097
C68: 46.666667 | D68: 46.666667 | E68: 73.333333 | F68: 73.333333 | G68: 73.333333 | H68: 73.333333 | I68: 93.729839 | J68: 99.677419 | K68: 98.629032 | N68: 63.333333 | O68: 63.333333 | P68: 93.333333 | Q68: 93.333333 | R68: 93.333333 | S68: 93.333333 | T68: 45.322581 | U68: 94.83871 | V68: 94.83871 | Y68: 33.333333 | Z68: 33.333333 | AA68: 93.333333 | AB68: 93.333333 | AC68: 93.333333 | AD68: 93.333333 | AE68: 67.358871 | AF68: 99.354839 | AG68: 99.354839 | AJ68: 23.333333 | AK68: 23.333333 | AL68: 86.666667 | AM68: 86.666667 | AN68: 80 | AO68: 80 | AP68: 45.745968 | AQ68: 94.758065 | AR68: 93.548387
C69: 60 | D69: 60 | E69: 86.666667 | F69: 86.666667 | G69: 80 | H69: 80 | I69: 56.612903 | J69: 99.274194 | K69: 57.419355 | N69: 16.666667 | O69: 16.666667 | P69: 93.333333 | Q69: 93.333333 | R69: 76.666667 | S69: 76.666667 | T69: 46.895161 | U69: 94.83871 | V69: 70.806452 | Y69: 73.333333 | Z69: 73.333333 | AA69: 100 | AB69: 100 | AC69: 93.333333 | AD69: 93.333333 | AE69: 58.548387 | AF69: 100 | AG69: 58.709677 | AJ69: 46.666667 | AK69: 46.666667 | AL69: 100 | AM69: 100 | AN69: 66.666667 | AO69: 66.666667 | AP69: 38.649194 | AQ69: 100 | AR69: 56.754032
C70: 53.333333 | D70: 53.333333 | E70: 100 | F70: 100 | G70: 100 | H70: 100 | I70: 56.834677 | J70: 100 | K70: 100 | N70: 56.666667 | O70: 56.666667 | P70: 76.666667 | Q70: 76.666667 | R70: 93.333333 | S70: 93.333333 | T70: 52.016129 | U70: 94.173387 | V70: 94.83871 | Y70: 56.666667 | Z70: 56.666667 | AA70: 80 | AB70: 80 | AC70: 70 | AD70: 70 | AE70: 56.270161 | AF70: 99.193548 | AG70: 96.129032 | AJ70: 23.333333 | AK70: 23.333333 | AL70: 70 | AM70: 70 | AN70: 76.666667 | AO70: 76.666667 | AP70: 43.568548 | AQ70: 89.516129 | AR70: 94.173387
C71: 66.666667 | D71: 66.666667 | E71: 66.666667 | F71: 66.666667 | G71: 73.333333 | H71: 73.333333 | I71: 52.177419 | J71: 56.209677 | K71: 57.903226 | N71: 46.666667 | O71: 46.666667 | P71: 93.333333 | Q71: 93.333333 | R71: 66.666667 | S71: 66.666667 | T71: 40.504032 | U71: 94.83871 | V71: 88.225806 | Y71: 40 | Z71: 40 | AA71: 86.666667 | AB71: 86.666667 | AC71: 73.333333 | AD71: 73.333333 | AE71: 55.383065 | AF71: 99.274194 | AG71: 57.33871 | AJ71: 50 | AK71: 50 | AL71: 80 | AM71: 80 | AN71: 76.666667 | AO71: 76.666667 | AP71: 44.677419 | AQ71: 89.596774 | AR71: 94.596774
C72: 66.666667 | D72: 66.666667 | E72: 86.666667 | F72: 86.666667 | G72: 93.333333 | H72: 93.333333 | I72: 53.306452 | J72: 94.758065 | K72: 99.919355 | N72: 60 | O72: 60 | P72: 100 | Q72: 100 | R72: 83.333333 | S72: 83.333333 | T72: 55.564516 | U72: 100 | V72: 94.677419 | Y72: 53.333333 | Z72: 53.333333 | AA72: 86.666667 | AB72: 86.666667 | AC72: 63.333333 | AD72: 63.333333 | AE72: 55.241935 | AF72: 99.274194 | AG72: 56.048387 | AJ72: 53.333333 | AK72: 53.333333 | AL72: 66.666667 | AM72: 66.666667 | AN72: 93.333333 | AO72: 93.333333 | AP72: 58.225806 | AQ72: 57.822581 | AR72: 99.919355
C73: 63.333333 | D73: 63.333333 | E73: 80 | F73: 80 | G73: 76.666667 | H73: 76.666667 | I73: 55.725806 | J73: 94.193548 | K73: 92.903226 | N73: 63.333333 | O73: 63.333333 | P73: 100 | Q73: 100 | R73: 100 | S73: 100 | T73: 93.608871 | U73: 100 | V73: 100 | Y73: 63.333333 | Z73: 63.333333 | AA73: 93.333333 | AB73: 93.333333 | AC73: 93.333333 | AD73: 93.333333 | AE73: 57.822581 | AF73: 58.709677 | AG73: 58.709677 | AJ73: 33.333333 | AK73: 33.333333 | AL73: 70 | AM73: 70 | AN73: 70 | AO73: 70 | AP73: 47.66129 | AQ73: 52.883065 | AR73: 48.951613
B74: avg | C74: =AVERAGE(C64:C73) -> 56.666667 | D74: =AVERAGE(D64:D73) -> 56.666667 | E74: =AVERAGE(E64:E73) -> 82.666667 | F74: =AVERAGE(F64:F73) -> 82.666667 | G74: =AVERAGE(G64:G73) -> 83 | H74: =AVERAGE(H64:H73) -> 83 | I74: =AVERAGE(I64:I73) -> 65.745968 | J74: =AVERAGE(J64:J73) -> 89.040323 | K74: =AVERAGE(K64:K73) -> 85.564516 | M74: avg | N74: =AVERAGE(N64:N73) -> 49 | O74: =AVERAGE(O64:O73) -> 49 | P74: =AVERAGE(P64:P73) -> 94.333333 | Q74: =AVERAGE(Q64:Q73) -> 94.333333 | R74: =AVERAGE(R64:R73) -> 82.666667 | S74: =AVERAGE(S64:S73) -> 82.666667 | T74: =AVERAGE(T64:T73) -> 57.421371 | U74: =AVERAGE(U64:U73) -> 97.852823 | V74: =AVERAGE(V64:V73) -> 88.112903 | X74: avg | Y74: =AVERAGE(Y64:Y73) -> 55 | Z74: =AVERAGE(Z64:Z73) -> 55 | AA74: =AVERAGE(AA64:AA73) -> 88.666667 | AB74: =AVERAGE(AB64:AB73) -> 88.666667 | AC74: =AVERAGE(AC64:AC73) -> 79.666667 | AD74: =AVERAGE(AD64:AD73) -> 79.666667 | AE74: =AVERAGE(AE64:AE73) -> 63.953629 | AF74: =AVERAGE(AF64:AF73) -> 94.903226 | AG74: =AVERAGE(AG64:AG73) -> 77.209677 | AI74: avg | AJ74: =AVERAGE(AJ64:AJ73) -> 40.666667 | AK74: =AVERAGE(AK64:AK73) -> 40.666667 | AL74: =AVERAGE(AL64:AL73) -> 81.666667 | AM74: =AVERAGE(AM64:AM73) -> 81.666667 | AN74: =AVERAGE(AN64:AN73) -> 76.666667 | AO74: =AVERAGE(AO64:AO73) -> 76.666667 | AP74: =AVERAGE(AP64:AP73) -> 52.024194 | AQ74: =AVERAGE(AQ64:AQ73) -> 87.679435 | AR74: =AVERAGE(AR64:AR73) -> 86.453629
B75: stdev | C75: =_xlfn.STDEV.S(C64:C73) -> 8.8888889 | D75: =_xlfn.STDEV.S(D64:D73) -> 8.8888889 | E75: =_xlfn.STDEV.S(E64:E73) -> 12.649111 | F75: =_xlfn.STDEV.S(F64:F73) -> 12.649111 | G75: =_xlfn.STDEV.S(G64:G73) -> 11.595018 | H75: =_xlfn.STDEV.S(H64:H73) -> 11.595018 | I75: =_xlfn.STDEV.S(I64:I73) -> 21.045342 | J75: =_xlfn.STDEV.S(J64:J73) -> 17.342958 | K75: =_xlfn.STDEV.S(K64:K73) -> 20.483553 | M75: stdev | N75: =_xlfn.STDEV.S(N64:N73) -> 17.144988 | O75: =_xlfn.STDEV.S(O64:O73) -> 17.144988 | P75: =_xlfn.STDEV.S(P64:P73) -> 7.0360623 | Q75: =_xlfn.STDEV.S(Q64:Q73) -> 7.0360623 | R75: =_xlfn.STDEV.S(R64:R73) -> 10.63421 | S75: =_xlfn.STDEV.S(S64:S73) -> 10.63421 | T75: =_xlfn.STDEV.S(T64:T73) -> 19.465576 | U75: =_xlfn.STDEV.S(U64:U73) -> 2.7441953 | V75: =_xlfn.STDEV.S(V64:V73) -> 14.634731 | X75: stdev | Y75: =_xlfn.STDEV.S(Y64:Y73) -> 18.475877 | Z75: =_xlfn.STDEV.S(Z64:Z73) -> 18.475877 | AA75: =_xlfn.STDEV.S(AA64:AA73) -> 6.3245553 | AB75: =_xlfn.STDEV.S(AB64:AB73) -> 6.3245553 | AC75: =_xlfn.STDEV.S(AC64:AC73) -> 15.190153 | AD75: =_xlfn.STDEV.S(AD64:AD73) -> 15.190153 | AE75: =_xlfn.STDEV.S(AE64:AE73) -> 17.950244 | AF75: =_xlfn.STDEV.S(AF64:AF73) -> 12.80139 | AG75: =_xlfn.STDEV.S(AG64:AG73) -> 21.812133 | AI75: stdev | AJ75: =_xlfn.STDEV.S(AJ64:AJ73) -> 13.407203 | AK75: =_xlfn.STDEV.S(AK64:AK73) -> 13.407203 | AL75: =_xlfn.STDEV.S(AL64:AL73) -> 12.39773 | AM75: =_xlfn.STDEV.S(AM64:AM73) -> 12.39773 | AN75: =_xlfn.STDEV.S(AN64:AN73) -> 11.221672 | AO75: =_xlfn.STDEV.S(AO64:AO73) -> 11.221672 | AP75: =_xlfn.STDEV.S(AP64:AP73) -> 15.637265 | AQ75: =_xlfn.STDEV.S(AQ64:AQ73) -> 17.518351 | AR75: =_xlfn.STDEV.S(AR64:AR73) -> 18.08413
A78: twtarn=11 | C78: 46.666667 | D78: 46.666667 | E78: 100 | F78: 100 | G78: 80 | H78: 80 | I78: 50.705645 | J78: 100 | K78: 94.193548 | N78: 50 | O78: 50 | P78: 93.333333 | Q78: 93.333333 | R78: 66.666667 | S78: 66.666667 | T78: 38.467742 | U78: 99.919355 | V78: 51.451613 | Y78: 60 | Z78: 60 | AA78: 93.333333 | AB78: 93.333333 | AC78: 100 | AD78: 100 | AE78: 57.741935 | AF78: 99.919355 | AG78: 100 | AJ78: 46.666667 | AK78: 46.666667 | AL78: 86.666667 | AM78: 86.666667 | AN78: 93.333333 | AO78: 93.333333 | AP78: 54.516129 | AQ78: 94.193548 | AR78: 99.919355
C79: 33.333333 | D79: 33.333333 | E79: 93.333333 | F79: 93.333333 | G79: 86.666667 | H79: 86.666667 | I79: 47.620968 | J79: 58.709677 | K79: 58.064516 | N79: 20 | O79: 20 | P79: 80 | Q79: 80 | R79: 93.333333 | S79: 93.333333 | T79: 87.157258 | U79: 94.677419 | V79: 94.83871 | Y79: 40 | Z79: 40 | AA79: 93.333333 | AB79: 93.333333 | AC79: 86.666667 | AD79: 86.666667 | AE79: 43.850806 | AF79: 99.919355 | AG79: 99.274194 | AJ79: 40 | AK79: 40 | AL79: 100 | AM79: 100 | AN79: 93.333333 | AO79: 93.333333 | AP79: 51.149194 | AQ79: 100 | AR79: 99.354839
C80: 50 | D80: 50 | E80: 93.333333 | F80: 93.333333 | G80: 73.333333 | H80: 73.333333 | I80: 56.028226 | J80: 99.919355 | K80: 57.33871 | N80: 53.333333 | O80: 53.333333 | P80: 93.333333 | Q80: 93.333333 | R80: 86.666667 | S80: 86.666667 | T80: 47.419355 | U80: 99.919355 | V80: 58.709677 | Y80: 40 | Z80: 40 | AA80: 93.333333 | AB80: 93.333333 | AC80: 93.333333 | AD80: 93.333333 | AE80: 39.21371 | AF80: 94.83871 | AG80: 94.83871 | AJ80: 60 | AK80: 60 | AL80: 86.666667 | AM80: 86.666667 | AN80: 93.333333 | AO80: 93.333333 | AP80: 94.072581 | AQ80: 99.274194 | AR80: 99.919355
C81: 50 | D81: 50 | E81: 100 | F81: 100 | G81: 100 | H81: 100 | I81: 54.012097 | J81: 100 | K81: 100 | N81: 60 | O81: 60 | P81: 100 | Q81: 100 | R81: 93.333333 | S81: 93.333333 | T81: 72.580645 | U81: 100 | V81: 94.83871 | Y81: 46.666667 | Z81: 46.666667 | AA81: 100 | AB81: 100 | AC81: 80 | AD81: 80 | AE81: 53.548387 | AF81: 100 | AG81: 99.112903 | AJ81: 50 | AK81: 50 | AL81: 86.666667 | AM81: 86.666667 | AN81: 100 | AO81: 100 | AP81: 48.58871 | AQ81: 99.354839 | AR81: 100
C82: 50 | D82: 50 | E82: 70 | F82: 70 | G82: 86.666667 | H82: 86.666667 | I82: 56.935484 | J82: 89.435484 | K82: 99.274194 | N82: 43.333333 | O82: 43.333333 | P82: 93.333333 | Q82: 93.333333 | R82: 56.666667 | S82: 56.666667 | T82: 76.975806 | U82: 99.919355 | V82: 78.91129 | Y82: 40 | Z82: 40 | AA82: 86.666667 | AB82: 86.666667 | AC82: 60 | AD82: 60 | AE82: 47.076613 | AF82: 99.274194 | AG82: 56.693548 | AJ82: 53.333333 | AK82: 53.333333 | AL82: 100 | AM82: 100 | AN82: 80 | AO82: 80 | AP82: 94.193548 | AQ82: 100 | AR82: 98.629032
C83: 43.333333 | D83: 43.333333 | E83: 93.333333 | F83: 93.333333 | G83: 100 | H83: 100 | I83: 47.66129 | J83: 99.919355 | K83: 100 | N83: 20 | O83: 20 | P83: 86.666667 | Q83: 86.666667 | R83: 60 | S83: 60 | T83: 34.254032 | U83: 94.193548 | V83: 46.431452 | Y83: 60 | Z83: 60 | AA83: 86.666667 | AB83: 86.666667 | AC83: 93.333333 | AD83: 93.333333 | AE83: 92.741935 | AF83: 99.274194 | AG83: 99.354839 | AJ83: 40 | AK83: 40 | AL83: 80 | AM83: 80 | AN83: 86.666667 | AO83: 86.666667 | AP83: 55 | AQ83: 94.112903 | AR83: 99.274194
C84: 56.666667 | D84: 56.666667 | E84: 93.333333 | F84: 93.333333 | G84: 93.333333 | H84: 93.333333 | I84: 52.016129 | J84: 99.919355 | K84: 99.354839 | N84: 76.666667 | O84: 76.666667 | P84: 93.333333 | Q84: 93.333333 | R84: 100 | S84: 100 | T84: 48.306452 | U84: 99.919355 | V84: 100 | Y84: 53.333333 | Z84: 53.333333 | AA84: 73.333333 | AB84: 73.333333 | AC84: 80 | AD84: 80 | AE84: 56.048387 | AF84: 99.677419 | AG84: 58.629032 | AJ84: 56.666667 | AK84: 56.666667 | AL84: 86.666667 | AM84: 86.666667 | AN84: 86.666667 | AO84: 86.666667 | AP84: 68.548387 | AQ84: 99.274194 | AR84: 99.274194
C85: 33.333333 | D85: 33.333333 | E85: 86.666667 | F85: 86.666667 | G85: 86.666667 | H85: 86.666667 | I85: 88.709677 | J85: 99.274194 | K85: 94.83871 | N85: 40 | O85: 40 | P85: 100 | Q85: 100 | R85: 80 | S85: 80 | T85: 94.133065 | U85: 100 | V85: 99.274194 | Y85: 33.333333 | Z85: 33.333333 | AA85: 93.333333 | AB85: 93.333333 | AC85: 93.333333 | AD85: 93.333333 | AE85: 69.294355 | AF85: 99.354839 | AG85: 99.354839 | AJ85: 53.333333 | AK85: 53.333333 | AL85: 100 | AM85: 100 | AN85: 100 | AO85: 100 | AP85: 57.782258 | AQ85: 100 | AR85: 100
C86: 26.666667 | D86: 26.666667 | E86: 93.333333 | F86: 93.333333 | G86: 80 | H86: 80 | I86: 47.137097 | J86: 99.919355 | K86: 94.758065 | N86: 60 | O86: 60 | P86: 93.333333 | Q86: 93.333333 | R86: 86.666667 | S86: 86.666667 | T86: 68.790323 | U86: 99.919355 | V86: 94.193548 | Y86: 53.333333 | Z86: 53.333333 | AA86: 100 | AB86: 100 | AC86: 100 | AD86: 100 | AE86: 56.733871 | AF86: 100 | AG86: 100 | AJ86: 53.333333 | AK86: 53.333333 | AL86: 100 | AM86: 100 | AN86: 70 | AO86: 70 | AP86: 68.467742 | AQ86: 100 | AR86: 57.903226
C87: 16.666667 | D87: 16.666667 | E87: 100 | F87: 100 | G87: 40 | H87: 40 | I87: 39.092742 | J87: 100 | K87: 87.782258 | N87: 50 | O87: 50 | P87: 86.666667 | Q87: 86.666667 | R87: 93.333333 | S87: 93.333333 | T87: 43.931452 | U87: 99.354839 | V87: 99.919355 | Y87: 36.666667 | Z87: 36.666667 | AA87: 80 | AB87: 80 | AC87: 80 | AD87: 80 | AE87: 67.298387 | AF87: 53.467742 | AG87: 99.274194 | AJ87: 70 | AK87: 70 | AL87: 100 | AM87: 100 | AN87: 100 | AO87: 100 | AP87: 58.044355 | AQ87: 100 | AR87: 100
B88: avg | C88: =AVERAGE(C78:C87) -> 40.666667 | D88: =AVERAGE(D78:D87) -> 40.666667 | E88: =AVERAGE(E78:E87) -> 92.333333 | F88: =AVERAGE(F78:F87) -> 92.333333 | G88: =AVERAGE(G78:G87) -> 82.666667 | H88: =AVERAGE(H78:H87) -> 82.666667 | I88: =AVERAGE(I78:I87) -> 53.991935 | J88: =AVERAGE(J78:J87) -> 94.709677 | K88: =AVERAGE(K78:K87) -> 88.560484 | M88: avg | N88: =AVERAGE(N78:N87) -> 47.333333 | O88: =AVERAGE(O78:O87) -> 47.333333 | P88: =AVERAGE(P78:P87) -> 92 | Q88: =AVERAGE(Q78:Q87) -> 92 | R88: =AVERAGE(R78:R87) -> 81.666667 | S88: =AVERAGE(S78:S87) -> 81.666667 | T88: =AVERAGE(T78:T87) -> 61.201613 | U88: =AVERAGE(U78:U87) -> 98.782258 | V88: =AVERAGE(V78:V87) -> 81.856855 | X88: avg | Y88: =AVERAGE(Y78:Y87) -> 46.333333 | Z88: =AVERAGE(Z78:Z87) -> 46.333333 | AA88: =AVERAGE(AA78:AA87) -> 90 | AB88: =AVERAGE(AB78:AB87) -> 90 | AC88: =AVERAGE(AC78:AC87) -> 86.666667 | AD88: =AVERAGE(AD78:AD87) -> 86.666667 | AE88: =AVERAGE(AE78:AE87) -> 58.354839 | AF88: =AVERAGE(AF78:AF87) -> 94.572581 | AG88: =AVERAGE(AG78:AG87) -> 90.653226 | AI88: avg | AJ88: =AVERAGE(AJ78:AJ87) -> 52.333333 | AK88: =AVERAGE(AK78:AK87) -> 52.333333 | AL88: =AVERAGE(AL78:AL87) -> 92.666667 | AM88: =AVERAGE(AM78:AM87) -> 92.666667 | AN88: =AVERAGE(AN78:AN87) -> 90.333333 | AO88: =AVERAGE(AO78:AO87) -> 90.333333 | AP88: =AVERAGE(AP78:AP87) -> 65.03629 | AQ88: =AVERAGE(AQ78:AQ87) -> 98.620968 | AR88: =AVERAGE(AR78:AR87) -> 95.427419
B89: stdev | C89: =_xlfn.STDEV.S(C78:C87) -> 12.649111 | D89: =_xlfn.STDEV.S(D78:D87) -> 12.649111 | E89: =_xlfn.STDEV.S(E78:E87) -> 8.8958306 | F89: =_xlfn.STDEV.S(F78:F87) -> 8.8958306 | G89: =_xlfn.STDEV.S(G78:G87) -> 17.270542 | H89: =_xlfn.STDEV.S(H78:H87) -> 17.270542 | I89: =_xlfn.STDEV.S(I78:I87) -> 13.260122 | J89: =_xlfn.STDEV.S(J78:J87) -> 13.068951 | K89: =_xlfn.STDEV.S(K78:K87) -> 16.693289 | M89: stdev | N89: =_xlfn.STDEV.S(N78:N87) -> 17.624338 | O89: =_xlfn.STDEV.S(O78:O87) -> 17.624338 | P89: =_xlfn.STDEV.S(P78:P87) -> 6.1262439 | Q89: =_xlfn.STDEV.S(Q78:Q87) -> 6.1262439 | R89: =_xlfn.STDEV.S(R78:R87) -> 15.335749 | S89: =_xlfn.STDEV.S(S78:S87) -> 15.335749 | T89: =_xlfn.STDEV.S(T78:T87) -> 21.321787 | U89: =_xlfn.STDEV.S(U78:U87) -> 2.3013171 | V89: =_xlfn.STDEV.S(V78:V87) -> 21.530208 | X89: stdev | Y89: =_xlfn.STDEV.S(Y78:Y87) -> 9.7436272 | Z89: =_xlfn.STDEV.S(Z78:Z87) -> 9.7436272 | AA89: =_xlfn.STDEV.S(AA78:AA87) -> 8.4619701 | AB89: =_xlfn.STDEV.S(AB78:AB87) -> 8.4619701 | AC89: =_xlfn.STDEV.S(AC78:AC87) -> 12.171612 | AD89: =_xlfn.STDEV.S(AD78:AD87) -> 12.171612 | AE89: =_xlfn.STDEV.S(AE78:AE87) -> 15.338787 | AF89: =_xlfn.STDEV.S(AF78:AF87) -> 14.525487 | AG89: =_xlfn.STDEV.S(AG78:AG87) -> 17.456918 | AI89: stdev | AJ89: =_xlfn.STDEV.S(AJ78:AJ87) -> 9.0335452 | AK89: =_xlfn.STDEV.S(AK78:AK87) -> 9.0335452 | AL89: =_xlfn.STDEV.S(AL78:AL87) -> 7.98146 | AM89: =_xlfn.STDEV.S(AM78:AM87) -> 7.98146 | AN89: =_xlfn.STDEV.S(AN78:AN87) -> 9.7436272 | AO89: =_xlfn.STDEV.S(AO78:AO87) -> 9.7436272 | AP89: =_xlfn.STDEV.S(AP78:AP87) -> 16.64547 | AQ89: =_xlfn.STDEV.S(AQ78:AQ87) -> 2.3763958 | AR89: =_xlfn.STDEV.S(AR78:AR87) -> 13.192657
A91: twtarn=13 | C91: 56.666667 | D91: 56.666667 | E91: 86.666667 | F91: 86.666667 | G91: 100 | H91: 100 | I91: 98.306452 | J91: 58.629032 | K91: 100 | N91: 40 | O91: 40 | P91: 100 | Q91: 100 | R91: 100 | S91: 100 | T91: 88.004032 | U91: 100 | V91: 100 | Y91: 26.666667 | Z91: 26.666667 | AA91: 100 | AB91: 100 | AC91: 70 | AD91: 70 | AE91: 37.258065 | AF91: 100 | AG91: 95.947581 | AJ91: 46.666667 | AK91: 46.666667 | AL91: 100 | AM91: 100 | AN91: 76.666667 | AO91: 76.666667 | AP91: 52.258065 | AQ91: 100 | AR91: 94.435484
C92: 33.333333 | D92: 33.333333 | E92: 100 | F92: 100 | G92: 86.666667 | H92: 86.666667 | I92: 38.366935 | J92: 100 | K92: 99.274194 | N92: 46.666667 | O92: 46.666667 | P92: 93.333333 | Q92: 93.333333 | R92: 66.666667 | S92: 66.666667 | T92: 50.100806 | U92: 99.354839 | V92: 47.177419 | Y92: 63.333333 | Z92: 63.333333 | AA92: 93.333333 | AB92: 93.333333 | AC92: 86.666667 | AD92: 86.666667 | AE92: 46.048387 | AF92: 99.919355 | AG92: 58.064516 | AJ92: 50 | AK92: 50 | AL92: 93.333333 | AM92: 93.333333 | AN92: 80 | AO92: 80 | AP92: 37.177419 | AQ92: 99.919355 | AR92: 52.903226
C93: 76.666667 | D93: 76.666667 | E93: 100 | F93: 100 | G93: 86.666667 | H93: 86.666667 | I93: 93.548387 | J93: 100 | K93: 94.193548 | N93: 53.333333 | O93: 53.333333 | P93: 93.333333 | Q93: 93.333333 | R93: 70 | S93: 70 | T93: 43.185484 | U93: 58.709677 | V93: 57.258065 | Y93: 50 | Z93: 50 | AA93: 93.333333 | AB93: 93.333333 | AC93: 100 | AD93: 100 | AE93: 57.237903 | AF93: 99.919355 | AG93: 100 | AJ93: 56.666667 | AK93: 56.666667 | AL93: 100 | AM93: 100 | AN93: 93.333333 | AO93: 93.333333 | AP93: 46.612903 | AQ93: 100 | AR93: 99.354839
C94: 50 | D94: 50 | E94: 100 | F94: 100 | G94: 76.666667 | H94: 76.666667 | I94: 71.854839 | J94: 100 | K94: 72.741935 | N94: 73.333333 | O94: 73.333333 | P94: 100 | Q94: 100 | R94: 93.333333 | S94: 93.333333 | T94: 55.483871 | U94: 100 | V94: 99.919355 | Y94: 26.666667 | Z94: 26.666667 | AA94: 86.666667 | AB94: 86.666667 | AC94: 86.666667 | AD94: 86.666667 | AE94: 58.467742 | AF94: 94.83871 | AG94: 94.83871 | AJ94: 53.333333 | AK94: 53.333333 | AL94: 100 | AM94: 100 | AN94: 86.666667 | AO94: 86.666667 | AP94: 54.354839 | AQ94: 100 | AR94: 94.193548
C95: 63.333333 | D95: 63.333333 | E95: 93.333333 | F95: 93.333333 | G95: 83.333333 | H95: 83.333333 | I95: 93.790323 | J95: 99.354839 | K95: 94.677419 | N95: 60 | O95: 60 | P95: 93.333333 | Q95: 93.333333 | R95: 86.666667 | S95: 86.666667 | T95: 57.822581 | U95: 99.919355 | V95: 99.274194 | Y95: 43.333333 | Z95: 43.333333 | AA95: 100 | AB95: 100 | AC95: 86.666667 | AD95: 86.666667 | AE95: 94.072581 | AF95: 100 | AG95: 94.193548 | AJ95: 70 | AK95: 70 | AL95: 86.666667 | AM95: 86.666667 | AN95: 93.333333 | AO95: 93.333333 | AP95: 48.387097 | AQ95: 99.83871 | AR95: 99.919355
C96: 66.666667 | D96: 66.666667 | E96: 100 | F96: 100 | G96: 86.666667 | H96: 86.666667 | I96: 50.483871 | J96: 100 | K96: 94.193548 | N96: 46.666667 | O96: 46.666667 | P96: 80 | Q96: 80 | R96: 86.666667 | S96: 86.666667 | T96: 52.479839 | U96: 99.758065 | V96: 99.274194 | Y96: 46.666667 | Z96: 46.666667 | AA96: 100 | AB96: 100 | AC96: 76.666667 | AD96: 76.666667 | AE96: 52.983871 | AF96: 100 | AG96: 55.483871 | AJ96: 63.333333 | AK96: 63.333333 | AL96: 93.333333 | AM96: 93.333333 | AN96: 86.666667 | AO96: 86.666667 | AP96: 56.612903 | AQ96: 99.919355 | AR96: 94.758065
C97: 40 | D97: 40 | E97: 86.666667 | F97: 86.666667 | G97: 80 | H97: 80 | I97: 55.221774 | J97: 58.709677 | K97: 58.064516 | N97: 40 | O97: 40 | P97: 100 | Q97: 100 | R97: 100 | S97: 100 | T97: 88.951613 | U97: 100 | V97: 100 | Y97: 36.666667 | Z97: 36.666667 | AA97: 93.333333 | AB97: 93.333333 | AC97: 86.666667 | AD97: 86.666667 | AE97: 47.358871 | AF97: 99.354839 | AG97: 98.709677 | AJ97: 63.333333 | AK97: 63.333333 | AL97: 100 | AM97: 100 | AN97: 100 | AO97: 100 | AP97: 70.564516 | AQ97: 100 | AR97: 100
C98: 43.333333 | D98: 43.333333 | E98: 93.333333 | F98: 93.333333 | G98: 53.333333 | H98: 53.333333 | I98: 46.754032 | J98: 94.83871 | K98: 47.822581 | N98: 56.666667 | O98: 56.666667 | P98: 100 | Q98: 100 | R98: 86.666667 | S98: 86.666667 | T98: 53.790323 | U98: 100 | V98: 58.629032 | Y98: 53.333333 | Z98: 53.333333 | AA98: 100 | AB98: 100 | AC98: 86.666667 | AD98: 86.666667 | AE98: 52.419355 | AF98: 100 | AG98: 94.758065 | AJ98: 33.333333 | AK98: 33.333333 | AL98: 93.333333 | AM98: 93.333333 | AN98: 73.333333 | AO98: 73.333333 | AP98: 35.282258 | AQ98: 99.919355 | AR98: 94.032258
C99: 30 | D99: 30 | E99: 93.333333 | F99: 93.333333 | G99: 66.666667 | H99: 66.666667 | I99: 52.802419 | J99: 99.919355 | K99: 93.689516 | N99: 40 | O99: 40 | P99: 93.333333 | Q99: 93.333333 | R99: 100 | S99: 100 | T99: 55.483871 | U99: 94.83871 | V99: 100 | Y99: 63.333333 | Z99: 63.333333 | AA99: 93.333333 | AB99: 93.333333 | AC99: 93.333333 | AD99: 93.333333 | AE99: 52.096774 | AF99: 94.83871 | AG99: 99.354839 | AJ99: 43.333333 | AK99: 43.333333 | AL99: 86.666667 | AM99: 86.666667 | AN99: 80 | AO99: 80 | AP99: 47.66129 | AQ99: 99.274194 | AR99: 94.112903
C100: 33.333333 | D100: 33.333333 | E100: 100 | F100: 100 | G100: 100 | H100: 100 | I100: 91.451613 | J100: 100 | K100: 100 | N100: 50 | O100: 50 | P100: 93.333333 | Q100: 93.333333 | R100: 76.666667 | S100: 76.666667 | T100: 54.354839 | U100: 99.354839 | V100: 94.596774 | Y100: 40 | Z100: 40 | AA100: 100 | AB100: 100 | AC100: 73.333333 | AD100: 73.333333 | AE100: 52.903226 | AF100: 100 | AG100: 94.677419 | AJ100: 46.666667 | AK100: 46.666667 | AL100: 86.666667 | AM100: 86.666667 | AN100: 86.666667 | AO100: 86.666667 | AP100: 52.620968 | AQ100: 94.83871 | AR100: 99.274194
B101: avg | C101: =AVERAGE(C91:C100) -> 49.333333 | D101: =AVERAGE(D91:D100) -> 49.333333 | E101: =AVERAGE(E91:E100) -> 95.333333 | F101: =AVERAGE(F91:F100) -> 95.333333 | G101: =AVERAGE(G91:G100) -> 82 | H101: =AVERAGE(H91:H100) -> 82 | I101: =AVERAGE(I91:I100) -> 69.258065 | J101: =AVERAGE(J91:J100) -> 91.145161 | K101: =AVERAGE(K91:K100) -> 85.465726 | M101: avg | N101: =AVERAGE(N91:N100) -> 50.666667 | O101: =AVERAGE(O91:O100) -> 50.666667 | P101: =AVERAGE(P91:P100) -> 94.666667 | Q101: =AVERAGE(Q91:Q100) -> 94.666667 | R101: =AVERAGE(R91:R100) -> 86.666667 | S101: =AVERAGE(S91:S100) -> 86.666667 | T101: =AVERAGE(T91:T100) -> 59.965726 | U101: =AVERAGE(U91:U100) -> 95.193548 | V101: =AVERAGE(V91:V100) -> 85.612903 | X101: avg | Y101: =AVERAGE(Y91:Y100) -> 45 | Z101: =AVERAGE(Z91:Z100) -> 45 | AA101: =AVERAGE(AA91:AA100) -> 96 | AB101: =AVERAGE(AB91:AB100) -> 96 | AC101: =AVERAGE(AC91:AC100) -> 84.666667 | AD101: =AVERAGE(AD91:AD100) -> 84.666667 | AE101: =AVERAGE(AE91:AE100) -> 55.084677 | AF101: =AVERAGE(AF91:AF100) -> 98.887097 | AG101: =AVERAGE(AG91:AG100) -> 88.602823 | AI101: avg | AJ101: =AVERAGE(AJ91:AJ100) -> 52.666667 | AK101: =AVERAGE(AK91:AK100) -> 52.666667 | AL101: =AVERAGE(AL91:AL100) -> 94 | AM101: =AVERAGE(AM91:AM100) -> 94 | AN101: =AVERAGE(AN91:AN100) -> 85.666667 | AO101: =AVERAGE(AO91:AO100) -> 85.666667 | AP101: =AVERAGE(AP91:AP100) -> 50.153226 | AQ101: =AVERAGE(AQ91:AQ100) -> 99.370968 | AR101: =AVERAGE(AR91:AR100) -> 92.298387
B102: stdev | C102: =_xlfn.STDEV.S(C91:C100) -> 16.009257 | D102: =_xlfn.STDEV.S(D91:D100) -> 16.009257 | E102: =_xlfn.STDEV.S(E91:E100) -> 5.488484 | F102: =_xlfn.STDEV.S(F91:F100) -> 5.488484 | G102: =_xlfn.STDEV.S(G91:G100) -> 14.159584 | H102: =_xlfn.STDEV.S(H91:H100) -> 14.159584 | I102: =_xlfn.STDEV.S(I91:I100) -> 23.132292 | J102: =_xlfn.STDEV.S(J91:J100) -> 17.18988 | K102: =_xlfn.STDEV.S(K91:K100) -> 18.996278 | M102: stdev | N102: =_xlfn.STDEV.S(N91:N100) -> 10.63421 | O102: =_xlfn.STDEV.S(O91:O100) -> 10.63421 | P102: =_xlfn.STDEV.S(P91:P100) -> 6.1262439 | Q102: =_xlfn.STDEV.S(Q91:Q100) -> 6.1262439 | R102: =_xlfn.STDEV.S(R91:R100) -> 12.272623 | S102: =_xlfn.STDEV.S(S91:S100) -> 12.272623 | T102: =_xlfn.STDEV.S(T91:T100) -> 15.547936 | U102: =_xlfn.STDEV.S(U91:U100) -> 12.916 | V102: =_xlfn.STDEV.S(V91:V100) -> 21.830215 | X102: stdev | Y102: =_xlfn.STDEV.S(Y91:Y100) -> 13.076225 | Z102: =_xlfn.STDEV.S(Z91:Z100) -> 13.076225 | AA102: =_xlfn.STDEV.S(AA91:AA100) -> 4.6613727 | AB102: =_xlfn.STDEV.S(AB91:AB100) -> 4.6613727 | AC102: =_xlfn.STDEV.S(AC91:AC100) -> 9.0540217 | AD102: =_xlfn.STDEV.S(AD91:AD100) -> 9.0540217 | AE102: =_xlfn.STDEV.S(AE91:AE100) -> 14.983222 | AF102: =_xlfn.STDEV.S(AF91:AF100) -> 2.1427278 | AG102: =_xlfn.STDEV.S(AG91:AG100) -> 16.918034 | AI102: stdev | AJ102: =_xlfn.STDEV.S(AJ91:AJ100) -> 10.976968 | AK102: =_xlfn.STDEV.S(AK91:AK100) -> 10.976968 | AL102: =_xlfn.STDEV.S(AL91:AL100) -> 5.8373002 | AM102: =_xlfn.STDEV.S(AM91:AM100) -> 5.8373002 | AN102: =_xlfn.STDEV.S(AN91:AN100) -> 8.3222148 | AO102: =_xlfn.STDEV.S(AO91:AO100) -> 8.3222148 | AP102: =_xlfn.STDEV.S(AP91:AP100) -> 9.9883372 | AQ102: =_xlfn.STDEV.S(AQ91:AQ100) -> 1.607428 | AR102: =_xlfn.STDEV.S(AR91:AR100) -> 14.09624
A104: twtarn=15 | C104: 50 | D104: 50 | E104: 93.333333 | F104: 93.333333 | G104: 93.333333 | H104: 93.333333 | I104: 57.016129 | J104: 99.354839 | K104: 58.709677 | N104: 36.666667 | O104: 36.666667 | P104: 93.333333 | Q104: 93.333333 | R104: 73.333333 | S104: 73.333333 | T104: 93.467742 | U104: 99.919355 | V104: 99.193548 | Y104: 80 | Z104: 80 | AA104: 93.333333 | AB104: 93.333333 | AC104: 100 | AD104: 100 | AE104: 94.112903 | AF104: 99.919355 | AG104: 100 | AJ104: 26.666667 | AK104: 26.666667 | AL104: 93.333333 | AM104: 93.333333 | AN104: 86.666667 | AO104: 86.666667 | AP104: 38.790323 | AQ104: 99.919355 | AR104: 94.193548
C105: 36.666667 | D105: 36.666667 | E105: 100 | F105: 100 | G105: 100 | H105: 100 | I105: 92.782258 | J105: 100 | K105: 100 | N105: 53.333333 | O105: 53.333333 | P105: 100 | Q105: 100 | R105: 80 | S105: 80 | T105: 43.790323 | U105: 100 | V105: 98.709677 | Y105: 53.333333 | Z105: 53.333333 | AA105: 93.333333 | AB105: 93.333333 | AC105: 93.333333 | AD105: 93.333333 | AE105: 52.419355 | AF105: 99.919355 | AG105: 99.919355 | AJ105: 46.666667 | AK105: 46.666667 | AL105: 100 | AM105: 100 | AN105: 93.333333 | AO105: 93.333333 | AP105: 97.66129 | AQ105: 100 | AR105: 99.919355
C106: 43.333333 | D106: 43.333333 | E106: 86.666667 | F106: 86.666667 | G106: 93.333333 | H106: 93.333333 | I106: 98.407258 | J106: 99.274194 | K106: 99.919355 | N106: 70 | O106: 70 | P106: 93.333333 | Q106: 93.333333 | R106: 86.666667 | S106: 86.666667 | T106: 93.931452 | U106: 99.919355 | V106: 94.83871 | Y106: 33.333333 | Z106: 33.333333 | AA106: 93.333333 | AB106: 93.333333 | AC106: 100 | AD106: 100 | AE106: 42.096774 | AF106: 99.919355 | AG106: 100 | AJ106: 50 | AK106: 50 | AL106: 76.666667 | AM106: 76.666667 | AN106: 86.666667 | AO106: 86.666667 | AP106: 50.866935 | AQ106: 93.548387 | AR106: 94.758065
C107: 36.666667 | D107: 36.666667 | E107: 93.333333 | F107: 93.333333 | G107: 86.666667 | H107: 86.666667 | I107: 87.379032 | J107: 99.919355 | K107: 94.758065 | N107: 60 | O107: 60 | P107: 93.333333 | Q107: 93.333333 | R107: 93.333333 | S107: 93.333333 | T107: 45.645161 | U107: 99.919355 | V107: 94.83871 | Y107: 30 | Z107: 30 | AA107: 93.333333 | AB107: 93.333333 | AC107: 63.333333 | AD107: 63.333333 | AE107: 44.53629 | AF107: 99.919355 | AG107: 93.346774 | AJ107: 33.333333 | AK107: 33.333333 | AL107: 100 | AM107: 100 | AN107: 66.666667 | AO107: 66.666667 | AP107: 44.979839 | AQ107: 100 | AR107: 57.33871
C108: 70 | D108: 70 | E108: 100 | F108: 100 | G108: 83.333333 | H108: 83.333333 | I108: 94.516129 | J108: 100 | K108: 94.677419 | N108: 13.333333 | O108: 13.333333 | P108: 93.333333 | Q108: 93.333333 | R108: 93.333333 | S108: 93.333333 | T108: 85.584677 | U108: 99.354839 | V108: 99.354839 | Y108: 33.333333 | Z108: 33.333333 | AA108: 100 | AB108: 100 | AC108: 100 | AD108: 100 | AE108: 54.475806 | AF108: 100 | AG108: 100 | AJ108: 73.333333 | AK108: 73.333333 | AL108: 100 | AM108: 100 | AN108: 93.333333 | AO108: 93.333333 | AP108: 53.387097 | AQ108: 100 | AR108: 58.709677
C109: 53.333333 | D109: 53.333333 | E109: 100 | F109: 100 | G109: 86.666667 | H109: 86.666667 | I109: 43.629032 | J109: 100 | K109: 53.548387 | N109: 40 | O109: 40 | P109: 100 | Q109: 100 | R109: 80 | S109: 80 | T109: 68.28629 | U109: 100 | V109: 94.112903 | Y109: 33.333333 | Z109: 33.333333 | AA109: 93.333333 | AB109: 93.333333 | AC109: 93.333333 | AD109: 93.333333 | AE109: 53.850806 | AF109: 99.354839 | AG109: 99.354839 | AJ109: 26.666667 | AK109: 26.666667 | AL109: 100 | AM109: 100 | AN109: 86.666667 | AO109: 86.666667 | AP109: 50.060484 | AQ109: 100 | AR109: 58.064516
C110: 40 | D110: 40 | E110: 100 | F110: 100 | G110: 73.333333 | H110: 73.333333 | I110: 42.741935 | J110: 100 | K110: 89.032258 | N110: 36.666667 | O110: 36.666667 | P110: 100 | Q110: 100 | R110: 73.333333 | S110: 73.333333 | T110: 43.669355 | U110: 100 | V110: 93.467742 | Y110: 63.333333 | Z110: 63.333333 | AA110: 100 | AB110: 100 | AC110: 86.666667 | AD110: 86.666667 | AE110: 55.322581 | AF110: 100 | AG110: 58.709677 | AJ110: 30 | AK110: 30 | AL110: 93.333333 | AM110: 93.333333 | AN110: 63.333333 | AO110: 63.333333 | AP110: 44.092742 | AQ110: 99.919355 | AR110: 87.66129
C111: 40 | D111: 40 | E111: 86.666667 | F111: 86.666667 | G111: 93.333333 | H111: 93.333333 | I111: 87.681452 | J111: 99.274194 | K111: 99.354839 | N111: 43.333333 | O111: 43.333333 | P111: 86.666667 | Q111: 86.666667 | R111: 80 | S111: 80 | T111: 56.491935 | U111: 99.274194 | V111: 94.677419 | Y111: 73.333333 | Z111: 73.333333 | AA111: 93.333333 | AB111: 93.333333 | AC111: 93.333333 | AD111: 93.333333 | AE111: 52.822581 | AF111: 99.919355 | AG111: 99.919355 | AJ111: 40 | AK111: 40 | AL111: 93.333333 | AM111: 93.333333 | AN111: 93.333333 | AO111: 93.333333 | AP111: 86.995968 | AQ111: 99.919355 | AR111: 99.919355
C112: 33.333333 | D112: 33.333333 | E112: 93.333333 | F112: 93.333333 | G112: 93.333333 | H112: 93.333333 | I112: 91.169355 | J112: 94.83871 | K112: 99.354839 | N112: 53.333333 | O112: 53.333333 | P112: 93.333333 | Q112: 93.333333 | R112: 86.666667 | S112: 86.666667 | T112: 59.737903 | U112: 99.919355 | V112: 99.274194 | Y112: 63.333333 | Z112: 63.333333 | AA112: 93.333333 | AB112: 93.333333 | AC112: 83.333333 | AD112: 83.333333 | AE112: 97.903226 | AF112: 99.919355 | AG112: 99.193548 | AJ112: 46.666667 | AK112: 46.666667 | AL112: 93.333333 | AM112: 93.333333 | AN112: 66.666667 | AO112: 66.666667 | AP112: 46.431452 | AQ112: 99.919355 | AR112: 72.177419
C113: 56.666667 | D113: 56.666667 | E113: 100 | F113: 100 | G113: 100 | H113: 100 | I113: 69.294355 | J113: 100 | K113: 100 | N113: 23.333333 | O113: 23.333333 | P113: 100 | Q113: 100 | R113: 86.666667 | S113: 86.666667 | T113: 92.358871 | U113: 100 | V113: 99.83871 | Y113: 43.333333 | Z113: 43.333333 | AA113: 100 | AB113: 100 | AC113: 80 | AD113: 80 | AE113: 44.354839 | AF113: 100 | AG113: 96.612903 | AJ113: 43.333333 | AK113: 43.333333 | AL113: 93.333333 | AM113: 93.333333 | AN113: 73.333333 | AO113: 73.333333 | AP113: 46.270161 | AQ113: 99.354839 | AR113: 93.467742
B114: avg | C114: =AVERAGE(C104:C113) -> 46 | D114: =AVERAGE(D104:D113) -> 46 | E114: =AVERAGE(E104:E113) -> 95.333333 | F114: =AVERAGE(F104:F113) -> 95.333333 | G114: =AVERAGE(G104:G113) -> 90.333333 | H114: =AVERAGE(H104:H113) -> 90.333333 | I114: =AVERAGE(I104:I113) -> 76.461694 | J114: =AVERAGE(J104:J113) -> 99.266129 | K114: =AVERAGE(K104:K113) -> 88.935484 | M114: avg | N114: =AVERAGE(N104:N113) -> 43 | O114: =AVERAGE(O104:O113) -> 43 | P114: =AVERAGE(P104:P113) -> 95.333333 | Q114: =AVERAGE(Q104:Q113) -> 95.333333 | R114: =AVERAGE(R104:R113) -> 83.333333 | S114: =AVERAGE(S104:S113) -> 83.333333 | T114: =AVERAGE(T104:T113) -> 68.296371 | U114: =AVERAGE(U104:U113) -> 99.830645 | V114: =AVERAGE(V104:V113) -> 96.830645 | X114: avg | Y114: =AVERAGE(Y104:Y113) -> 50.666667 | Z114: =AVERAGE(Z104:Z113) -> 50.666667 | AA114: =AVERAGE(AA104:AA113) -> 95.333333 | AB114: =AVERAGE(AB104:AB113) -> 95.333333 | AC114: =AVERAGE(AC104:AC113) -> 89.333333 | AD114: =AVERAGE(AD104:AD113) -> 89.333333 | AE114: =AVERAGE(AE104:AE113) -> 59.189516 | AF114: =AVERAGE(AF104:AF113) -> 99.887097 | AG114: =AVERAGE(AG104:AG113) -> 94.705645 | AI114: avg | AJ114: =AVERAGE(AJ104:AJ113) -> 41.666667 | AK114: =AVERAGE(AK104:AK113) -> 41.666667 | AL114: =AVERAGE(AL104:AL113) -> 94.333333 | AM114: =AVERAGE(AM104:AM113) -> 94.333333 | AN114: =AVERAGE(AN104:AN113) -> 81 | AO114: =AVERAGE(AO104:AO113) -> 81 | AP114: =AVERAGE(AP104:AP113) -> 55.953629 | AQ114: =AVERAGE(AQ104:AQ113) -> 99.258065 | AR114: =AVERAGE(AR104:AR113) -> 81.620968
B115: stdev | C115: =_xlfn.STDEV.S(C104:C113) -> 11.417985 | D115: =_xlfn.STDEV.S(D104:D113) -> 11.417985 | E115: =_xlfn.STDEV.S(E104:E113) -> 5.488484 | F115: =_xlfn.STDEV.S(F104:F113) -> 5.488484 | G115: =_xlfn.STDEV.S(G104:G113) -> 8.0813762 | H115: =_xlfn.STDEV.S(H104:H113) -> 8.0813762 | I115: =_xlfn.STDEV.S(I104:I113) -> 21.55052 | J115: =_xlfn.STDEV.S(J104:J113) -> 1.5891849 | K115: =_xlfn.STDEV.S(K104:K113) -> 17.686611 | M115: stdev | N115: =_xlfn.STDEV.S(N104:N113) -> 16.956735 | O115: =_xlfn.STDEV.S(O104:O113) -> 16.956735 | P115: =_xlfn.STDEV.S(P104:P113) -> 4.4996571 | Q115: =_xlfn.STDEV.S(Q104:Q113) -> 4.4996571 | R115: =_xlfn.STDEV.S(R104:R113) -> 7.200823 | S115: =_xlfn.STDEV.S(S104:S113) -> 7.200823 | T115: =_xlfn.STDEV.S(T104:T113) -> 21.347262 | U115: =_xlfn.STDEV.S(U104:U113) -> 0.27532447 | V115: =_xlfn.STDEV.S(V104:V113) -> 2.619844 | X115: stdev | Y115: =_xlfn.STDEV.S(Y104:Y113) -> 18.512592 | Z115: =_xlfn.STDEV.S(Z104:Z113) -> 18.512592 | AA115: =_xlfn.STDEV.S(AA104:AA113) -> 3.2203059 | AB115: =_xlfn.STDEV.S(AB104:AB113) -> 3.2203059 | AC115: =_xlfn.STDEV.S(AC104:AC113) -> 11.525602 | AD115: =_xlfn.STDEV.S(AD104:AD113) -> 11.525602 | AE115: =_xlfn.STDEV.S(AE104:AE113) -> 19.992743 | AF115: =_xlfn.STDEV.S(AF104:AF113) -> 0.19084128 | AG115: =_xlfn.STDEV.S(AG104:AG113) -> 12.82968 | AI115: stdev | AJ115: =_xlfn.STDEV.S(AJ104:AJ113) -> 14.076511 | AK115: =_xlfn.STDEV.S(AK104:AK113) -> 14.076511 | AL115: =_xlfn.STDEV.S(AL104:AL113) -> 7.0360623 | AM115: =_xlfn.STDEV.S(AM104:AM113) -> 7.0360623 | AN115: =_xlfn.STDEV.S(AN104:AN113) -> 12.176683 | AO115: =_xlfn.STDEV.S(AO104:AO113) -> 12.176683 | AP115: =_xlfn.STDEV.S(AP104:AP113) -> 19.749745 | AQ115: =_xlfn.STDEV.S(AQ104:AQ113) -> 2.0155196 | AR115: =_xlfn.STDEV.S(AR104:AR113) -> 18.060974
C118: tanlen=2 | N118: tanlen=3 | Y118: tanlen=4 | AJ118: tanlen=5
B119: twtarn | C119: CARLIN all | D119: CARLIN div | E119: TW all | F119: TW div | G119: Both Alg all | H119: Both alg div | I119: CARLIN triplet | J119: TW triplet | K119: both triplet | N119: CARLIN all | O119: CARLIN div | P119: TW all | Q119: TW div | R119: Both Alg all | S119: Both alg div | T119: CARLIN triplet | U119: TW triplet | V119: both triplet | Y119: CARLIN all | Z119: CARLIN div | AA119: TW all | AB119: TW div | AC119: Both Alg all | AD119: Both alg div | AE119: CARLIN triplet | AF119: TW triplet | AG119: both triplet | AJ119: CARLIN all | AK119: CARLIN div | AL119: TW all | AM119: TW div | AN119: Both Alg all | AO119: Both alg div | AP119: CARLIN triplet | AQ119: TW triplet | AR119: both triplet
...

Sheet CARLIN
A1: Carlin RF | B1: Carlin Triplet
D2: rf | E2: triplet
A3: {=Sheet1!C3:C12} -> 30 | B3: {=Sheet1!I3:I12} -> 89.21371 | C3: avg | D3: =AVERAGE(A3:A322) -> 48.072917 | E3: =AVERAGE(B3:B322) -> 60.848853
A4: 56.666667 | B4: 53.306452 | C4: var | D4: =_xlfn.VAR.S(A3:A322) -> 184.32765 | E4: =_xlfn.VAR.S(B3:B322) -> 370.83731
A5: 43.333333 | B5: 93.790323 | C5: std | D5: =_xlfn.STDEV.S(A3:A322) -> 13.576732 | E5: =_xlfn.STDEV.S(B3:B322) -> 19.257137
A6: 50 | B6: 37.822581 | C6: max | D6: =MAX(A3:A322) -> 86.666667 | E6: =MAX(B3:B322) -> 99.758065
A7: 36.666667 | B7: 51.794355 | C7: min | D7: =MIN(A3:A322) -> 13.333333 | E7: =MIN(B3:B322) -> 34.254032
A8: 43.333333 | B8: 91.733871
A9: 26.666667 | B9: 50.645161
A10: 30 | B10: 42.923387
A11: 56.666667 | B11: 56.532258
A12: 33.333333 | B12: 77.943548
A13: {=Sheet1!N3:N12} -> 40 | B13: {=Sheet1!T3:T12} -> 56.169355
A14: 60 | B14: 94.254032
A15: 60 | B15: 95.645161
A16: 70 | B16: 93.951613
A17: 40 | B17: 70.282258
A18: 43.333333 | B18: 41.048387
A19: 46.666667 | B19: 42.33871
A20: 40 | B20: 53.850806
A21: 60 | B21: 42.5
A22: 60 | B22: 46.129032
A23: {=Sheet1!Y3:Y12} -> 43.333333 | B23: {=Sheet1!AE3:AE12} -> 51.350806
A24: 60 | B24: 88.145161
A25: 60 | B25: 48.709677
A26: 76.666667 | B26: 98.689516
A27: 46.666667 | B27: 41.108871
A28: 40 | B28: 92.298387
A29: 40 | B29: 36.068548
A30: 53.333333 | B30: 56.310484
A31: 40 | B31: 48.145161
A32: 53.333333 | B32: 46.774194
A33: {=Sheet1!AJ3:AJ12} -> 40 | B33: {=Sheet1!AP3:AP12} -> 44.314516
A34: 20 | B34: 86.008065
A35: 53.333333 | B35: 53.951613
A36: 56.666667 | B36: 95.100806
A37: 53.333333 | B37: 45.564516
A38: 46.666667 | B38: 55.725806
A39: 53.333333 | B39: 93.366935
A40: 33.333333 | B40: 40.342742
A41: 53.333333 | B41: 54.274194
A42: 36.666667 | B42: 43.528226
A43: {=Sheet1!C19:C28} -> 56.666667 | B43: {=Sheet1!I19:I28} -> 43.951613
A44: 40 | B44: 87.540323
A45: 46.666667 | B45: 86.955645
A46: 70 | B46: 57.96371
A47: 30 | B47: 49.53629
A48: 46.666667 | B48: 52.177419
A49: 43.333333 | B49: 91.71371
A50: 36.666667 | B50: 43.689516
A51: 56.666667 | B51: 94.012097
A52: 63.333333 | B52: 94.092742
A53: {=Sheet1!N19:N28} -> 56.666667 | B53: {=Sheet1!T19:T28} -> 72.177419
A54: 60 | B54: 98.306452
A55: 46.666667 | B55: 42.177419
A56: 33.333333 | B56: 97.33871
A57: 86.666667 | B57: 94.193548
A58: 50 | B58: 98.205645
A59: 56.666667 | B59: 93.366935
A60: 53.333333 | B60: 70.060484
A61: 43.333333 | B61: 88.125
A62: 43.333333 | B62: 51.290323
A63: {=Sheet1!Y19:Y28} -> 63.333333 | B63: {=Sheet1!AE19:AE28} -> 94.435484
A64: 56.666667 | B64: 55.866935
A65: 66.666667 | B65: 69.435484
A66: 56.666667 | B66: 41.270161
A67: 70 | B67: 57.258065
A68: 53.333333 | B68: 43.28629
A69: 40 | B69: 90.887097
A70: 70 | B70: 98.689516
A71: 43.333333 | B71: 92.237903
A72: 56.666667 | B72: 46.612903
A73: {=Sheet1!AJ19:AJ28} -> 20 | B73: {=Sheet1!AP19:AP28} -> 41.129032
A74: 33.333333 | B74: 86.895161
A75: 50 | B75: 47.33871
A76: 63.333333 | B76: 48.608871
A77: 43.333333 | B77: 46.008065
A78: 40 | B78: 57.116935
A79: 23.333333 | B79: 85.725806
A80: 56.666667 | B80: 56.653226
A81: 60 | B81: 46.370968
A82: 36.666667 | B82: 48.326613
A83: {=Sheet1!C33:C42} -> 56.666667 | B83: {=Sheet1!I33:I42} -> 66.129032
A84: 53.333333 | B84: 48.568548
A85: 43.333333 | B85: 51.572581
A86: 63.333333 | B86: 41.612903
A87: 63.333333 | B87: 47.016129
A88: 56.666667 | B88: 72.5
A89: 53.333333 | B89: 68.709677
A90: 40 | B90: 35.46371
A91: 70 | B91: 89.435484
A92: 56.666667 | B92: 53.225806
A93: {=Sheet1!N33:N42} -> 56.666667 | B93: {=Sheet1!T33:T42} -> 57.96371
A94: 56.666667 | B94: 56.532258
A95: 33.333333 | B95: 50.685484
A96: 26.666667 | B96: 38.951613
A97: 40 | B97: 41.592742
A98: 60 | B98: 93.225806
A99: 40 | B99: 46.370968
A100: 40 | B100: 51.71371
...
